Pos,ID,Name,BV,SV,Team,38_xMins,38_Pts
M,283,Salah,13.1,13.1,Liverpool,61,6.241
M,333,Fernandes,9.5,9.5,Man Utd,74,5.375
F,427,Kane,11.5,11.5,Spurs,84,5.284
M,7,Ødegaard,6.9,6.9,Arsenal,81,5.082
M,13,Saka,8.0,8.0,Arsenal,75,4.968
M,335,Rashford,7.2,6.9,Man Utd,74,4.954
M,314,Foden,8.0,8.0,Man City,61,4.844
M,303,Mahrez,7.5,7.4,Man City,62,4.792
M,169,Eze,5.7,5.7,Crystal Palace,74,4.788
F,28,Jesus,8.1,8.1,Arsenal,77,4.68
M,261,Maddison,7.8,7.8,Leicester,79,4.372
G,175,Johnstone,4.4,4.4,Crystal Palace,82,4.342
F,262,Iheanacho,5.8,5.8,Leicester,54,4.338
D,357,Trippier,6.0,5.9,Newcastle,83,4.306
D,188,Mina,4.3,4.3,Everton,81,4.299
D,285,Alexander-Arnold,7.8,7.5,Liverpool,63,4.247
F,319,Álvarez,6.1,6.1,Man City,64,4.238
G,355,Dubravka,4.1,4.1,Newcastle,80,4.217
M,569,Garnacho,4.1,4.1,Man Utd,34,4.207
F,279,Firmino,8.0,8.0,Liverpool,42,4.203
M,124,Mitoma,5.7,5.6,Brighton,73,4.065
M,340,Sancho,7.1,7.1,Man Utd,54,4.045
G,182,Pickford,4.4,4.4,Everton,89,4.025
F,66,Solanke,5.6,5.5,Bournemouth,82,3.973
M,428,Son,11.5,11.5,Spurs,71,3.963
D,199,Tarkowski,4.1,4.1,Everton,87,3.949
M,534,McNeil,5.2,5.2,Everton,81,3.94
F,40,Watkins,7.3,7.3,Aston Villa,80,3.928
D,10,White,5.0,5.0,Arsenal,86,3.914
D,16,Gabriel,5.2,5.2,Arsenal,86,3.914
M,493,Gibbs-White,5.5,5.5,Nott'm Forest,84,3.902
M,185,A.Doucouré,5.3,5.3,Everton,79,3.858
M,593,Casemiro,4.9,4.9,Man Utd,70,3.804
M,264,Barnes,6.6,6.6,Leicester,54,3.781
G,15,Ramsdale,4.8,4.8,Arsenal,87,3.779
M,3,Xhaka,4.8,4.8,Arsenal,79,3.773
M,465,Bowen,8.0,8.0,West Ham,75,3.724
M,171,Olise,5.3,5.3,Crystal Palace,75,3.706
F,594,Isak,7.0,7.0,Newcastle,67,3.687
F,356,Wilson,7.3,7.3,Newcastle,68,3.672
F,95,Mbeumo,5.7,5.7,Brentford,76,3.668
D,586,Estupiñán,5.0,5.0,Brighton,76,3.652
G,102,Steele,4.0,3.9,Brighton,87,3.613
D,8,Tierney,4.6,4.6,Arsenal,74,3.581
D,165,Andersen,4.5,4.5,Crystal Palace,81,3.58
M,603,Paquetá,5.9,5.9,West Ham,70,3.542
G,518,Hennessey,3.9,3.9,Nott'm Forest,89,3.536
G,327,De Gea,5.1,5.1,Man Utd,88,3.519
M,186,Iwobi,4.9,4.9,Everton,84,3.47
G,455,Fabianski,4.9,4.9,West Ham,86,3.461
D,309,Laporte,5.6,5.6,Man City,51,3.458
D,377,Botman,4.5,4.5,Newcastle,81,3.455
D,366,Schär,5.1,5.1,Newcastle,80,3.447
D,258,Castagne,4.3,4.3,Leicester,82,3.435
D,342,Dalot,4.8,4.8,Man Utd,52,3.431
F,397,Awoniyi,5.6,5.6,Nott'm Forest,71,3.427
F,210,Mitrović,6.6,6.6,Fulham,70,3.427
G,307,Ederson,5.4,5.4,Man City,59,3.413
D,733,Pedro Porro,4.8,4.8,Spurs,77,3.408
G,289,Kelleher,3.9,3.9,Liverpool,84,3.405
D,167,Guéhi,4.5,4.5,Crystal Palace,75,3.353
D,308,Aké,5.0,5.0,Man City,33,3.343
G,2,Leno,4.6,4.6,Fulham,86,3.326
G,81,Raya,4.8,4.8,Brentford,85,3.321
M,104,Groß,5.4,5.4,Brighton,70,3.316
D,628,Aurier,4.3,4.3,Nott'm Forest,85,3.27
D,276,Matip,5.9,5.9,Liverpool,48,3.257
M,407,Ward-Prowse,6.1,6.1,Southampton,84,3.244
G,31,Martínez,5.0,5.0,Aston Villa,88,3.236
D,170,Mitchell,4.4,4.4,Crystal Palace,69,3.227
G,133,Arrizabalaga,4.5,4.5,Chelsea,69,3.213
F,288,Diogo Jota,8.6,8.6,Liverpool,46,3.213
G,574,Neto,4.5,4.5,Bournemouth,89,3.21
D,504,Malacia,4.2,4.2,Man Utd,34,3.2
D,507,Niakhaté,4.3,4.3,Nott'm Forest,85,3.172
M,374,Bruno Guimarães,5.5,5.5,Newcastle,81,3.171
G,426,Forster,3.9,3.9,Spurs,86,3.151
D,445,Emerson Royal,4.8,4.8,Spurs,76,3.107
D,337,Lindelöf,4.1,4.1,Man Utd,66,3.107
G,578,Robles,4.0,4.0,Leeds,85,3.089
D,330,Maguire,4.7,4.7,Man Utd,31,3.067
D,612,Faes,4.2,4.2,Leicester,85,3.036
D,710,Kiwior,4.0,4.0,Arsenal,67,3.033
M,259,Tielemans,6.1,6.1,Leicester,78,3.025
D,249,Evans,4.4,4.4,Leicester,80,3.025
D,358,Burn,4.5,4.5,Newcastle,75,3.024
D,461,Zouma,4.4,4.4,West Ham,81,3.022
M,159,J.Ayew,5.2,5.2,Crystal Palace,72,2.986
D,156,Ward,4.4,4.4,Crystal Palace,67,2.974
M,468,Soucek,5.0,5.0,West Ham,73,2.929
M,325,Phillips,4.8,4.8,Man City,46,2.912
M,233,Harrison,5.7,5.7,Leeds,67,2.892
M,467,Rice,4.7,4.7,West Ham,81,2.888
F,125,Enciso,4.6,4.6,Brighton,55,2.886
M,480,Neves,5.2,5.2,Wolves,68,2.878
F,682,Cunha,5.3,5.3,Wolves,69,2.875
D,222,Ayling,4.5,4.5,Leeds,79,2.867
D,39,Mings,4.7,4.7,Aston Villa,73,2.863
D,513,Lenglet,4.8,4.8,Spurs,79,2.856
D,106,Dunk,4.8,4.8,Brighton,79,2.843
D,472,Aguerd,4.8,4.8,West Ham,73,2.842
M,369,Almirón,5.4,5.4,Newcastle,65,2.84
M,116,Mac Allister,5.6,5.5,Brighton,62,2.801
D,602,Renan Lodi,4.3,4.3,Nott'm Forest,78,2.763
M,611,Gueye,4.7,4.7,Everton,77,2.754
M,331,Fred,5.1,5.1,Man Utd,25,2.738
G,401,McCarthy,4.3,4.3,Southampton,84,2.733
M,614,Willian,5.5,5.5,Fulham,65,2.716
M,89,Wissa,5.3,5.3,Brentford,63,2.714
F,596,Ferguson,4.6,4.6,Brighton,54,2.692
D,526,Mee,4.8,4.8,Brentford,80,2.683
M,514,C.Doucouré,5.0,5.0,Crystal Palace,74,2.663
M,111,Trossard,6.6,6.6,Arsenal,59,2.656
M,724,Enzo,5.0,5.0,Chelsea,77,2.655
M,64,Lerma,4.7,4.7,Bournemouth,77,2.648
M,316,Palmer,4.2,4.2,Man City,22,2.647
M,211,Reed,4.3,4.3,Fulham,73,2.618
D,432,Davies,4.7,4.7,Spurs,73,2.618
M,552,Anderson,4.3,4.3,Newcastle,51,2.601
D,299,Walker,4.7,4.7,Man City,67,2.6
D,272,W.Fofana,4.3,4.3,Chelsea,72,2.565
M,46,Douglas Luiz,4.8,4.8,Aston Villa,68,2.56
M,42,Buendía,5.7,5.7,Aston Villa,63,2.548
F,123,Undav,5.0,5.0,Brighton,38,2.546
M,519,Eriksen,6.2,6.2,Man Utd,61,2.543
M,37,McGinn,5.1,5.1,Aston Villa,71,2.542
M,88,Jensen,4.8,4.8,Brentford,70,2.537
M,570,Garner,4.5,4.5,Everton,64,2.53
D,44,Konsa,4.4,4.4,Aston Villa,69,2.482
D,92,Pinnock,4.4,4.4,Brentford,79,2.471
M,589,Matheus,4.8,4.8,Wolves,71,2.469
M,680,Gakpo,7.6,7.6,Liverpool,56,2.461
F,318,Haaland,12.4,12.3,Man City,58,2.436
D,470,Diop,4.3,4.3,Fulham,76,2.426
M,688,Schade,4.9,4.9,Brentford,62,2.424
M,536,Mangala,4.9,4.9,Nott'm Forest,70,2.417
D,463,Coufal,4.0,4.0,West Ham,66,2.379
M,293,Luis Díaz,7.8,7.8,Liverpool,43,2.375
D,435,Sánchez,4.2,4.2,Spurs,66,2.37
M,130,Jorginho,5.7,5.7,Arsenal,65,2.368
D,691,Wöber,4.4,4.4,Leeds,79,2.354
D,209,Tosin,4.4,4.4,Fulham,83,2.35
M,212,Wilson,5.7,5.7,Fulham,61,2.336
D,73,Kelly,4.3,4.3,Bournemouth,82,2.328
M,69,Christie,5.3,5.3,Bournemouth,62,2.299
D,128,Thiago Silva,5.4,5.4,Chelsea,65,2.284
M,693,Alcaraz,5.0,5.0,Southampton,64,2.283
D,244,Kristensen,4.7,4.7,Leeds,71,2.275
D,409,Walker-Peters,4.4,4.4,Southampton,82,2.274
D,215,Tete,4.4,4.4,Fulham,72,2.267
D,217,Robinson,4.4,4.4,Fulham,81,2.266
M,220,Palhinha,4.9,4.9,Fulham,84,2.265
M,120,Caicedo,5.0,5.0,Brighton,67,2.257
M,698,Lemina,4.5,4.5,Wolves,73,2.253
M,47,Ramsey,5.1,5.1,Aston Villa,62,2.251
D,85,Henry,4.4,4.4,Brentford,69,2.249
M,269,Soumaré,4.4,4.4,Leicester,68,2.235
M,387,Yates,5.0,5.0,Nott'm Forest,64,2.23
M,703,Danilo,4.5,4.5,Nott'm Forest,60,2.223
M,189,Gray,5.1,5.1,Everton,41,2.206
M,321,Lavia,4.5,4.5,Southampton,72,2.198
D,730,Felipe,4.5,4.5,Nott'm Forest,63,2.167
D,230,Koch,4.5,4.5,Leeds,80,2.146
D,484,Kilman,4.3,4.3,Wolves,69,2.139
D,482,Semedo,5.0,5.0,Wolves,77,2.135
M,282,Fabinho,5.2,5.2,Liverpool,64,2.099
D,410,Bednarek,4.1,4.1,Southampton,83,2.084
F,30,Ings,6.3,6.3,West Ham,58,2.077
M,433,Højbjerg,5.3,5.3,Spurs,61,2.07
M,86,Janelt,5.5,5.5,Brentford,62,2.065
M,45,Bailey,4.3,4.3,Aston Villa,57,2.056
D,388,Worrall,4.2,4.2,Nott'm Forest,63,2.055
D,559,Colwill,4.4,4.4,Brighton,57,2.036
D,57,Smith,4.3,4.3,Bournemouth,72,2.032
M,720,McKennie,4.6,4.6,Leeds,63,2.026
D,459,Dawson,4.8,4.8,Wolves,66,2.018
M,53,Kamara,4.8,4.8,Aston Villa,63,2.017
M,70,Billing,5.0,5.0,Bournemouth,59,1.999
F,255,Vardy,9.1,9.1,Leicester,54,1.99
M,291,Jones,4.9,4.9,Liverpool,55,1.961
F,110,Maupay,5.6,5.6,Everton,58,1.956
M,368,Saint-Maximin,6.1,6.1,Newcastle,53,1.951
D,192,Holgate,4.2,4.2,Everton,55,1.947
D,33,Digne,4.5,4.5,Aston Villa,60,1.92
F,145,Havertz,7.4,7.4,Chelsea,51,1.91
D,718,Viña,4.5,4.5,Bournemouth,61,1.895
M,464,Benrahma,5.5,5.5,West Ham,31,1.89
M,365,Murphy,4.2,4.2,Newcastle,43,1.882
F,166,Edouard,5.0,5.0,Crystal Palace,55,1.88
M,705,Ouattara,5.0,5.0,Bournemouth,42,1.819
D,194,Mykolenko,4.1,4.1,Everton,56,1.806
M,446,Kulusevski,7.8,7.8,Spurs,44,1.804
F,690,João Félix,7.1,7.1,Chelsea,50,1.797
D,413,Lyanco,4.4,4.4,Southampton,63,1.792
F,701,Weghorst,5.4,5.4,Man Utd,33,1.778
F,103,Welbeck,6.5,6.5,Brighton,34,1.775
M,275,Henderson,5.3,5.3,Liverpool,56,1.765
M,294,Elliott,4.8,4.8,Liverpool,33,1.761
D,448,Perišić,5.3,5.3,Spurs,44,1.75
F,458,Antonio,6.9,6.9,West Ham,47,1.742
F,454,Richarlison,8.4,8.4,Spurs,51,1.741
D,292,Tsimikas,4.3,4.3,Liverpool,45,1.739
F,168,Mateta,5.1,5.1,Crystal Palace,30,1.72
M,300,Gündogan,7.4,7.4,Man City,60,1.716
F,11,Nketiah,6.3,6.3,Arsenal,29,1.694
M,75,Anthony,5.2,5.2,Bournemouth,52,1.69
M,723,H.Traorè,4.5,4.5,Bournemouth,39,1.689
M,444,Bissouma,4.7,4.7,Spurs,58,1.683
F,297,Darwin,8.6,8.6,Liverpool,28,1.665
M,301,De Bruyne,12.1,12.1,Man City,26,1.655
D,284,Robertson,6.8,6.8,Liverpool,32,1.653
F,237,Greenwood,4.1,4.1,Leeds,39,1.613
D,510,Hickey,4.9,4.9,Brentford,60,1.603
F,625,Diego Costa,5.3,5.3,Wolves,55,1.59
M,400,Walcott,4.8,4.8,Southampton,53,1.582
M,679,Buonanotte,4.5,4.5,Brighton,37,1.572
M,195,Gordon,5.1,5.1,Newcastle,33,1.566
F,619,Gnonto,4.7,4.7,Leeds,46,1.548
D,286,Gomez,4.3,4.3,Liverpool,51,1.524
F,700,Rutter,5.0,5.0,Leeds,30,1.523
M,661,Hall,4.3,4.3,Chelsea,47,1.523
M,731,Kamaldeen,4.9,4.9,Southampton,47,1.519
F,394,Johnson,5.5,5.5,Nott'm Forest,45,1.501
M,240,Summerville,4.2,4.2,Leeds,41,1.501
M,246,Aaronson,5.3,5.3,Leeds,49,1.487
M,708,Madueke,5.4,5.4,Chelsea,50,1.48
M,274,Milner,4.4,4.4,Liverpool,32,1.469
M,469,Fornals,4.9,4.9,West Ham,41,1.468
M,486,Neto,4.9,4.9,Wolves,43,1.468
D,457,Cresswell,4.7,4.7,West Ham,50,1.467
M,580,Damsgaard,5.0,5.0,Brentford,43,1.459
M,148,Gallagher,5.6,5.6,Chelsea,63,2.448
M,200,Cairney,4.7,4.7,Fulham,51,1.442
M,6,Partey,4.7,4.7,Arsenal,48,1.436
M,163,Hughes,4.8,4.8,Crystal Palace,50,1.423
M,304,Sterling,9.7,9.7,Chelsea,28,1.421
D,530,Richards,4.4,4.4,Crystal Palace,35,1.415
M,83,Dasilva,4.1,4.1,Brentford,38,1.409
M,93,Onyeka,4.8,4.8,Brentford,50,1.398
M,405,S.Armstrong,4.7,4.7,Southampton,41,1.377
M,699,Mudryk,6.4,6.4,Chelsea,44,1.368
D,256,Ricardo,4.2,4.2,Leicester,48,1.354
D,332,Shaw,5.3,5.2,Man Utd,31,1.346
D,180,Keane,4.2,4.2,Everton,31,1.345
M,577,Onana,4.7,4.7,Everton,48,1.336
M,481,Hwang,5.7,5.7,Wolves,35,1.335
M,23,Nelson,4.7,4.7,Arsenal,9,1.329
D,43,Cash,4.6,4.6,Aston Villa,51,1.324
D,727,Souttar,4.5,4.5,Leicester,31,1.322
D,573,Lewis,3.8,3.8,Man City,42,1.314
M,715,Tetê,4.9,4.9,Leicester,25,1.312
M,245,Roca,4.8,4.8,Leeds,32,1.312
M,549,Praet,4.8,4.8,Leicester,27,1.312
D,109,Veltman,4.6,4.6,Brighton,48,1.302
D,367,Targett,4.7,4.7,Newcastle,30,1.291
D,474,Boly,4.1,4.1,Nott'm Forest,31,1.287
F,345,Martial,6.3,6.3,Man Utd,53,1.282
M,505,Rothwell,4.9,4.9,Bournemouth,45,1.277
M,512,Aribo,5.0,5.0,Southampton,42,1.272
F,618,Vinícius,5.4,5.4,Fulham,27,1.271
M,136,Loftus-Cheek,5.0,5.0,Chelsea,61,2.267
M,67,Cook,4.9,4.9,Bournemouth,31,1.267
M,149,Gilmour,4.2,4.2,Brighton,32,1.263
G,478,Sá,5.0,5.0,Wolves,46,1.256
D,545,Emerson,4.0,4.0,West Ham,33,1.253
D,456,Ogbonna,4.4,4.4,West Ham,31,1.253
M,441,Skipp,4.3,4.3,Spurs,48,1.252
D,235,Struijk,4.5,4.5,Leeds,47,1.244
D,290,Konaté,4.9,4.9,Liverpool,40,1.244
D,538,Young,4.3,4.3,Aston Villa,48,1.24
M,406,Elyounoussi,5.1,5.1,Southampton,39,1.238
M,575,Cornet,5.9,5.9,West Ham,26,1.238
M,21,Maitland-Niles,4.8,4.8,Southampton,51,1.234
M,205,De Cordova-Reid,5.4,5.4,Fulham,34,1.232
M,491,Adama,5.3,5.3,Wolves,28,1.23
M,25,Fábio Vieira,5.6,5.6,Arsenal,20,1.228
M,479,Dendoncker,4.7,4.7,Aston Villa,34,1.219
D,489,Toti,3.9,3.9,Wolves,50,1.211
D,108,Webster,4.5,4.5,Brighton,35,1.206
D,50,Diego Carlos,4.7,4.7,Aston Villa,41,1.202
D,141,Chalobah,4.4,4.4,Chelsea,48,1.194
M,224,Forshaw,4.4,4.4,Leeds,41,1.188
D,595,Zanka,3.9,3.9,Brentford,32,1.187
M,18,Sambi,4.3,4.3,Crystal Palace,39,1.183
M,583,Kouyaté,4.4,4.4,Nott'm Forest,30,1.18
D,71,Mepham,4.3,4.3,Bournemouth,39,1.179
M,704,Sarabia,4.9,4.9,Wolves,26,1.172
D,84,Ajer,4.5,4.5,Brentford,39,1.17
D,623,Caleta-Car,4.4,4.4,Southampton,36,1.169
D,127,Azpilicueta,4.7,4.7,Chelsea,68,1.968
M,94,Baptiste,4.5,4.5,Brentford,29,1.168
D,576,Senesi,4.4,4.4,Bournemouth,43,1.165
M,562,Solomon,4.9,4.9,Fulham,28,1.162
M,135,Ziyech,5.5,5.5,Chelsea,25,1.16
D,520,Koulibaly,5.5,5.5,Chelsea,46,1.157
D,588,Kehrer,4.3,4.3,West Ham,29,1.149
M,154,McArthur,4.8,4.8,Crystal Palace,26,1.132
D,516,Collins,4.2,4.2,Wolves,48,1.117
F,686,Simms,4.5,4.5,Everton,19,1.096
M,132,Kovacic,4.9,4.9,Chelsea,29,1.082
M,12,Smith Rowe,5.6,5.6,Arsenal,17,1.066
M,483,Podence,5.1,5.1,Wolves,25,1.063
D,239,Firpo,4.5,4.5,Leeds,26,1.051
M,721,João Gomes,4.5,4.5,Wolves,42,1.041
D,587,Sergio Gómez,4.4,4.4,Man City,22,1.018
M,140,Pulisic,5.6,5.6,Chelsea,22,1.011
M,278,Chamberlain,4.9,4.9,Liverpool,14,1.003
M,713,Danjuma,6.1,6.1,Spurs,18,0.993
D,90,Roerslev,4.3,4.3,Brentford,25,0.986
D,709,Kristiansen,4.5,4.5,Leicester,24,0.983
D,270,Thomas,3.9,3.9,Leicester,25,0.981
M,204,Kebano,5.4,5.4,Fulham,22,0.975
M,725,Ahamada,4.5,4.5,Crystal Palace,19,0.971
M,370,S.Longstaff,4.3,4.3,Newcastle,20,0.967
D,157,Clyne,4.5,4.5,Crystal Palace,23,0.957
M,726,Lukic,4.5,4.5,Fulham,24,0.955
F,271,Daka,5.6,5.6,Leicester,18,0.953
M,616,Zakaria,4.9,4.9,Chelsea,23,0.949
D,221,Cooper,4.4,4.4,Leeds,25,0.946
M,266,Dewsbury-Hall,4.9,4.9,Leicester,22,0.943
F,732,Onuachu,5.3,5.3,Southampton,18,0.934
D,439,Tanganga,3.8,3.8,Spurs,21,0.926
M,107,March,5.2,5.2,Brighton,17,0.922
M,34,Traoré,4.9,4.9,Aston Villa,18,0.911
M,265,Ndidi,4.8,4.8,Leicester,23,0.898
M,338,McTominay,4.9,4.9,Man Utd,30,0.89
F,408,A.Armstrong,5.3,5.3,Southampton,21,0.89
D,280,Van Dijk,6.6,6.6,Liverpool,49,0.887
D,5,Holding,4.2,4.2,Arsenal,18,0.876
M,582,Freuler,4.9,4.9,Nott'm Forest,21,0.873
D,610,Akanji,5.1,5.1,Man City,21,0.869
M,609,Antony,7.3,7.3,Man Utd,15,0.853
D,1,Cédric,4.2,4.2,Fulham,21,0.835
M,418,Djenepo,4.9,4.9,Southampton,20,0.829
M,296,Carvalho,5.1,5.1,Liverpool,15,0.829
M,311,Bernardo,6.7,6.7,Man City,56,0.822
M,416,Diallo,4.1,4.1,Southampton,21,0.821
M,87,Ghoddos,4.8,4.8,Brentford,17,0.811
D,65,Stacey,4.2,4.2,Bournemouth,19,0.81
D,419,Livramento,4.4,4.4,Southampton,19,0.799
D,146,James,5.8,5.8,Chelsea,15,0.798
M,431,Lucas Moura,5.8,5.8,Spurs,13,0.781
D,257,Amartey,3.9,3.9,Leicester,16,0.777
M,359,Fraser,5.2,5.2,Newcastle,16,0.776
D,544,Van Hecke,4.0,4.0,Brighton,16,0.749
G,147,Mendy,4.8,4.8,Chelsea,20,0.744
M,142,Mount,7.2,7.2,Chelsea,13,0.729
F,62,Moore,4.9,4.9,Bournemouth,11,0.729
D,32,Chambers,4.2,4.2,Aston Villa,17,0.688
D,105,Duffy,4.2,4.2,Fulham,18,0.68
M,60,Brooks,5.3,5.3,Bournemouth,13,0.677
M,509,Downes,4.2,4.2,West Ham,15,0.671
M,347,Pellistri,4.3,4.3,Man Utd,13,0.659
M,620,Arthur,4.8,4.8,Liverpool,14,0.658
M,164,Riedewald,4.2,4.2,Crystal Palace,15,0.655
M,450,Sarr,4.2,4.2,Spurs,13,0.646
M,315,Rodri,5.6,5.6,Man City,72,0.63
D,329,Varane,4.8,4.8,Man Utd,74,0.625
D,475,Coady,4.7,4.7,Everton,12,0.615
D,523,Toffolo,4.3,4.3,Nott'm Forest,15,0.615
D,139,Chilwell,5.6,5.6,Chelsea,12,0.578
M,734,A.Ayew,5.0,5.0,Nott'm Forest,13,0.562
D,302,Stones,5.6,5.6,Man City,61,0.535
D,471,Johnson,4.4,4.4,West Ham,11,0.516
M,134,Kanté,4.8,4.8,Chelsea,11,0.503
D,341,Wan-Bissaka,4.3,4.3,Man Utd,60,0.494
F,617,Aubameyang,8.4,8.4,Chelsea,7,0.457
M,460,Lanzini,5.0,5.0,West Ham,8,0.432
M,692,Orsic,5.1,5.1,Southampton,11,0.404
F,391,Surridge,4.6,4.6,Nott'm Forest,5,0.404
F,585,Dennis,5.6,5.6,Nott'm Forest,6,0.4
D,501,Phillips,3.8,3.8,Liverpool,9,0.389
G,626,Karius,3.9,3.9,Newcastle,10,0.376
M,344,Elanga,4.6,4.6,Man Utd,4,0.351
F,528,Mara,5.3,5.3,Southampton,6,0.339
M,48,Chukwuemeka,4.2,4.2,Chelsea,8,0.325
D,362,Dummett,3.9,3.9,Newcastle,8,0.321
M,231,James,5.9,5.9,Fulham,6,0.319
D,404,Stephens,4.3,4.3,Bournemouth,7,0.313
M,651,Moran,4.5,4.5,Brighton,8,0.312
G,152,Guaita,4.4,4.4,Crystal Palace,8,0.306
F,711,Durán,5.5,5.5,Aston Villa,7,0.301
D,112,Cucurella,4.9,4.9,Chelsea,7,0.299
M,252,Mendy,4.2,4.2,Leicester,7,0.291
M,503,Moutinho,4.6,4.6,Wolves,6,0.268
D,689,Badiashile,5.0,5.0,Chelsea,6,0.259
D,343,B.Williams,3.7,3.7,Man Utd,5,0.242
D,555,Ashby,3.8,3.8,Newcastle,6,0.241
M,190,Davies,4.9,4.9,Everton,3,0.222
G,497,Adrián,3.8,3.8,Liverpool,5,0.219
G,422,Bazunu,4.4,4.4,Southampton,6,0.201
M,665,Doak,4.5,4.5,Liverpool,3,0.185
G,238,Meslier,4.4,4.4,Leeds,5,0.185
M,161,Schlupp,4.7,4.7,Crystal Palace,2,0.182
D,379,Cook,4.3,4.3,Nott'm Forest,4,0.178
D,613,Kurzawa,4.3,4.3,Fulham,4,0.176
D,477,Jonny,4.3,4.3,Wolves,4,0.171
G,517,Strakosha,4.3,4.3,Brentford,5,0.164
G,473,Areola,4.3,4.3,West Ham,4,0.131
G,213,Rodák,4.3,4.3,Fulham,4,0.125
D,76,Zemura,4.2,4.2,Bournemouth,2,0.112
M,527,Lingard,5.4,5.4,Nott'm Forest,2,0.102
M,349,Shelvey,4.8,4.8,Nott'm Forest,2,0.101
D,372,Lewis,4.4,4.4,Newcastle,3,0.1
M,630,Nwaneri,4.5,4.5,Arsenal,1,0.088
M,381,Colback,4.1,4.1,Nott'm Forest,2,0.084
D,487,Aït-Nouri,4.1,4.1,Wolves,2,0.067
M,629,Traoré,4.3,4.3,Wolves,2,0.066
G,35,Olsen,3.9,3.9,Aston Villa,2,0.064
G,162,Butland,4.4,4.4,Man Utd,1,0.063
F,659,Mateo Joseph,4.5,4.5,Leeds,2,0.062
G,176,Begović,3.8,3.8,Everton,1,0.053
G,72,Travers,4.1,4.1,Bournemouth,1,0.053
M,305,Grealish,7.1,7.1,Man City,16,0.048
D,312,Dias,6.0,6.0,Man City,19,0.038
G,324,Ortega,3.7,3.7,Man City,31,0.03
M,764,Craig,4.5,4.5,Spurs,1,0.0
G,756,McGill,4.0,4.0,Brighton,2,0.0
G,571,Randolph,4.0,4.0,Bournemouth,0,0.0
M,758,Abbott,4.5,4.5,Spurs,0,0.0
F,597,Saydee,4.5,4.5,Bournemouth,0,0.0
D,598,Bevan,4.0,4.0,Bournemouth,0,0.0
F,10263,Mason Greenwood,99.9,99.9,Man Utd,0,0.0
M,599,Gomes,4.5,4.5,Man City,0,0.0
D,757,Samuels-Smith,4.0,4.0,Everton,7,0.0
M,600,Knight,4.5,4.5,Man City,2,0.0
G,675,Smith,4.0,4.0,Nott'm Forest,0,0.0
G,10264,Jed Steer,99.9,99.9,Aston Villa,0,0.0
M,601,Rodney,4.5,4.5,Crystal Palace,5,0.0
M,568,Campbell,4.4,4.4,Wolves,0,0.0
D,673,Humphreys,4.5,4.5,Chelsea,0,0.0
M,10249,Matty Longstaff,99.9,99.9,Newcastle,32,0.0
M,567,Ronan,4.4,4.4,Wolves,0,0.0
M,755,Patterson,4.5,4.5,Aston Villa,2,0.0
M,566,Hodge,4.3,4.3,Wolves,0,0.0
D,754,Revan,4.0,4.0,Aston Villa,6,0.0
M,678,Price,4.5,4.5,Everton,0,0.0
G,753,Wright,4.0,4.0,Aston Villa,0,0.0
M,565,Gray,4.5,4.5,Leeds,0,0.0
M,752,Olakigbe,4.5,4.5,Brentford,2,0.0
M,564,Bajcetic,4.3,4.3,Liverpool,0,0.0
D,563,Chambers,4.0,4.0,Liverpool,0,0.0
G,10351,Gabriel Slonina,99.9,99.9,Chelsea,0,0.0
F,671,Morgan,4.5,4.5,Southampton,0,0.0
M,572,Oko-Flex,4.4,4.4,West Ham,0,0.0
D,10241,Benjamin Mendy,99.9,99.9,Man City,3,0.0
D,765,Samuels,4.0,4.0,Brighton,4,0.0
F,770,Ballard,4.5,4.5,Southampton,0,0.0
M,763,Dibley-Dias,4.5,4.5,Fulham,0,0.0
D,766,Adaramola,4.0,4.0,Crystal Palace,2,0.0
M,762,Peupion,4.5,4.5,Brighton,14,0.0
D,751,Walters,4.0,4.0,Arsenal,4,0.0
M,672,Kadan Young,4.5,4.5,Aston Villa,2,0.0
G,590,Whitworth,4.0,4.0,Crystal Palace,0,0.0
M,767,Bandeira,4.5,4.5,Arsenal,0,0.0
M,761,O'Reilly,4.5,4.5,Aston Villa,1,0.0
F,591,Ablade,4.5,4.5,Fulham,0,0.0
M,768,McAllister,4.5,4.5,Everton,0,0.0
M,584,Clark,4.5,4.5,Liverpool,0,0.0
M,769,Doyle,4.5,4.5,Southampton,0,0.0
G,771,Wady,4.0,4.0,Chelsea,0,0.0
D,759,Jurado,4.0,4.0,Man Utd,2,0.0
M,676,Ozoh,4.5,4.5,Crystal Palace,5,0.0
G,581,Smithies,3.9,3.9,Leicester,2,0.0
G,760,Lonergan,4.0,4.0,Everton,0,0.0
M,561,Warrington,4.4,4.4,Everton,0,0.0
M,579,Guedes,5.8,5.8,Wolves,0,0.0
M,772,Robertson,4.5,4.5,Man City,9,0.0
G,592,H.Davies,4.0,4.0,Liverpool,0,0.0
M,773,Charles,4.5,4.5,Man City,10,0.0
M,774,O'Reilly,4.5,4.5,Man City,10,0.0
G,10023,Alfie Whiteman,99.9,99.9,Spurs,0,0.0
G,10104,Mark Gillespie,99.9,99.9,Newcastle,0,0.0
D,10201,Teden Mengi,99.9,99.9,Man Utd,2,0.0
M,677,Hinshelwood,4.5,4.5,Brighton,0,0.0
F,662,Cannon,4.5,4.5,Everton,0,0.0
D,750,C.Robinson,4.0,4.0,Fulham,0,0.0
M,648,Finnigan,4.5,4.5,Southampton,0,0.0
M,647,Payne,4.5,4.5,Southampton,0,0.0
D,646,Crama,4.0,4.0,Brentford,2,0.0
D,645,Wormleighton,4.0,4.0,Leicester,0,0.0
G,644,Goodman,4.0,4.0,Crystal Palace,0,0.0
M,643,Mainoo,4.5,4.5,Man Utd,1,0.0
D,642,Balmer,4.0,4.0,Crystal Palace,1,0.0
M,641,Godo,4.5,4.5,Fulham,0,0.0
D,640,Turns,4.0,4.0,Brighton,0,0.0
M,639,Braybrooke,4.5,4.5,Leicester,0,0.0
M,712,Perrone,4.4,4.4,Man City,8,0.0
D,638,Bogarde,4.0,4.0,Aston Villa,0,0.0
D,637,John,3.9,3.9,Everton,6,0.0
D,636,Parkes,4.0,4.0,Fulham,0,0.0
F,714,Semenyo,5.0,5.0,Bournemouth,0,0.0
G,635,Bettinelli,4.0,4.0,Chelsea,0,0.0
F,634,Gordon,4.5,4.5,Crystal Palace,0,0.0
D,716,Bree,4.5,4.5,Southampton,24,0.0
F,685,Butler-Oyedeji,4.5,4.5,Arsenal,0,0.0
G,649,Plain,4.0,4.0,Bournemouth,0,0.0
G,749,G.Shelvey,4.0,4.0,Nott'm Forest,1,0.0
M,687,McAteer,4.5,4.5,Leicester,0,0.0
D,694,Álex Moreno,4.5,4.5,Aston Villa,0,0.0
F,660,Shoretire,4.5,4.5,Man Utd,0,0.0
M,658,Griffiths,4.4,4.4,Wolves,0,0.0
F,657,Fraser,4.5,4.5,Wolves,0,0.0
G,656,Bishop,4.0,4.0,Man Utd,0,0.0
G,655,Hein,3.9,3.9,Arsenal,0,0.0
M,654,Wells-Morrison,4.5,4.5,Crystal Palace,5,0.0
F,695,Adu-Adjei,4.5,4.5,Bournemouth,0,0.0
M,696,Dacosta Gonzalez,4.4,4.4,Bournemouth,1,0.0
F,697,Sadi,4.5,4.5,Bournemouth,0,0.0
M,653,Hutchinson,4.2,4.2,Chelsea,0,0.0
D,652,Furlong,4.0,4.0,Brighton,0,0.0
M,650,Yarmolyuk,4.5,4.5,Brentford,1,0.0
M,702,Andrey Santos,4.5,4.5,Chelsea,0,0.0
F,663,Perkins,4.5,4.5,Leeds,0,0.0
F,706,Pollock,4.5,4.5,Bournemouth,0,0.0
G,707,Sinisalo,4.0,4.0,Aston Villa,0,0.0
G,633,Cox,3.9,3.9,Brentford,0,0.0
M,632,Trevitt,4.4,4.4,Brentford,2,0.0
G,717,Bentley,4.0,4.0,Wolves,44,0.0
M,719,Ayari,4.5,4.5,Brighton,19,0.0
F,608,Kalajdžić,5.3,5.3,Wolves,0,0.0
M,607,Smith,4.4,4.4,Arsenal,0,0.0
M,606,Vale,4.5,4.5,Chelsea,0,0.0
D,737,Greenwood,4.0,4.0,Bournemouth,0,0.0
D,738,Kinsey-Wellings,4.0,4.0,Bournemouth,0,0.0
G,739,Anang,4.0,4.0,West Ham,0,0.0
G,740,Hegyi,3.9,3.9,West Ham,0,0.0
M,741,Miley,4.5,4.5,Newcastle,5,0.0
D,742,Chilokoa-Mullen,4.0,4.0,Leeds,1,0.0
D,743,Monteiro,4.0,4.0,Leeds,1,0.0
D,605,Welch,4.0,4.0,Everton,6,0.0
D,744,Swinkels,4.0,4.0,Aston Villa,6,0.0
M,604,Phillips,4.5,4.5,Crystal Palace,0,0.0
G,745,Zych,4.0,4.0,Aston Villa,0,0.0
D,746,Casey,4.0,4.0,West Ham,0,0.0
G,747,Wickens,4.0,4.0,Fulham,0,0.0
M,748,Mundle,4.5,4.5,Spurs,0,0.0
D,736,Offiah,4.0,4.0,Brighton,3,0.0
G,670,Marschall,4.0,4.0,Aston Villa,0,0.0
M,735,Marçal-Madivadua,4.5,4.5,Leicester,0,0.0
D,622,Larios,4.0,4.0,Southampton,0,0.0
D,631,Sousa,4.0,4.0,Arsenal,3,0.0
D,722,Zabarnyi,4.5,4.5,Bournemouth,60,0.0
D,664,Lembikisa,4.0,4.0,Wolves,0,0.0
F,684,D.D.Fofana,5.0,5.0,Chelsea,11,0.0
G,627,Jakupović,4.0,4.0,Everton,0,0.0
M,683,Kuol,4.5,4.5,Newcastle,0,0.0
M,624,Edozie,4.6,4.6,Southampton,4,0.0
D,621,Badé,4.5,4.5,Nott'm Forest,0,0.0
F,669,Mubama,4.5,4.5,West Ham,0,0.0
F,666,Dale Taylor,4.5,4.5,Nott'm Forest,0,0.0
D,674,Bennett,4.0,4.0,Man Utd,1,0.0
G,729,Navas,4.5,4.5,Nott'm Forest,0,0.0
M,667,Sekularac,4.5,4.5,Fulham,0,0.0
G,615,Kovár,4.0,4.0,Man Utd,0,0.0
M,668,Cozier-Duberry,4.5,4.5,Arsenal,0,0.0
M,681,Scarpa,4.6,4.6,Nott'm Forest,0,0.0
M,728,Sabitzer,4.7,4.7,Man Utd,0,0.0
D,393,Mbe Soh,4.2,4.2,Nott'm Forest,0,0.0
M,560,Mills,4.3,4.3,Everton,4,0.0
M,187,Gbamin,4.5,4.5,Everton,0,0.0
D,208,Kongolo,3.9,3.9,Fulham,0,0.0
G,207,Gazzaniga,4.0,4.0,Fulham,0,0.0
D,206,Bryan,4.4,4.4,Fulham,0,0.0
M,203,Chalobah,4.4,4.4,Fulham,0,0.0
M,202,Knockaert,4.7,4.7,Fulham,0,0.0
D,201,Ream,4.5,4.5,Fulham,0,0.0
D,198,Nkounkou,4.0,4.0,Everton,0,0.0
D,197,Patterson,3.9,3.9,Everton,0,0.0
D,196,Branthwaite,4.0,4.0,Everton,0,0.0
D,193,Godfrey,4.3,4.3,Everton,0,0.0
F,191,Calvert-Lewin,7.9,7.9,Everton,0,0.0
M,184,André Gomes,4.5,4.5,Everton,0,0.0
M,216,Onomah,4.3,4.3,Fulham,0,0.0
M,183,Allan,4.8,4.8,Everton,0,0.0
M,181,Dele,5.3,5.3,Everton,0,0.0
M,179,Townsend,5.4,5.4,Everton,0,0.0
D,178,Coleman,4.1,4.1,Everton,0,0.0
F,177,Rondón,4.9,4.9,Everton,0,0.0
D,174,Ferguson,3.9,3.9,Crystal Palace,0,0.0
M,173,Ebiowei,4.2,4.2,Crystal Palace,0,0.0
M,172,Rak-Sakyi,4.5,4.5,Crystal Palace,0,0.0
M,160,Zaha,7.2,7.2,Crystal Palace,0,0.0
M,158,Milivojevic,4.2,4.2,Crystal Palace,0,0.0
F,155,Benteke,5.5,5.5,Crystal Palace,0,0.0
M,214,Cavaleiro,4.8,4.8,Fulham,0,0.0
F,218,Muniz,5.4,5.4,Fulham,0,0.0
D,151,Ampadu,4.4,4.4,Chelsea,0,0.0
D,250,Bertrand,3.9,3.9,Leicester,0,0.0
M,287,Keita,4.7,4.7,Liverpool,0,0.0
G,281,Alisson,5.5,5.5,Liverpool,0,0.0
M,277,Thiago,5.1,5.1,Liverpool,0,0.0
D,273,Brunt,3.9,3.9,Leicester,0,0.0
D,268,Justin,4.1,4.1,Leicester,0,0.0
D,267,Söyüncü,4.2,4.2,Leicester,0,0.0
M,263,Choudhury,4.5,4.5,Leicester,0,0.0
M,260,Pérez,4.7,4.7,Leicester,0,0.0
G,254,Ward,3.8,3.8,Leicester,0,0.0
D,253,Vestergaard,3.8,3.8,Leicester,0,0.0
M,251,Albrighton,4.7,4.7,Leicester,0,0.0
G,248,Schmeichel,5.0,5.0,Leicester,0,0.0
F,219,Stansfield,4.5,4.5,Fulham,0,0.0
M,247,Gyabi,4.2,4.2,Leeds,0,0.0
D,243,Hjelde,3.9,3.9,Leeds,0,0.0
F,242,Gelhardt,5.1,5.1,Leeds,0,0.0
M,241,Bate,4.5,4.5,Leeds,0,0.0
G,236,Klaesson,3.8,3.8,Leeds,0,0.0
M,234,Shackleton,4.5,4.5,Leeds,0,0.0
M,232,Raphinha,7.0,7.0,Leeds,0,0.0
M,229,Roberts,5.0,5.0,Leeds,0,0.0
D,228,Llorente,4.4,4.4,Leeds,0,0.0
D,226,Dallas,4.9,4.9,Leeds,0,0.0
M,223,Klich,4.6,4.6,Leeds,0,0.0
D,153,Tomkins,3.9,3.9,Crystal Palace,0,0.0
F,150,Broja,5.2,5.2,Chelsea,0,0.0
D,558,Bueno,3.8,3.8,Wolves,41,0.0
D,38,Hause,4.4,4.4,Aston Villa,0,0.0
M,63,Marcondes,4.7,4.7,Bournemouth,0,0.0
M,61,Lowe,5.2,5.2,Bournemouth,0,0.0
D,59,Fredericks,4.4,4.4,Bournemouth,0,0.0
M,58,Stanislas,4.8,4.8,Bournemouth,0,0.0
D,56,Guilbert,3.9,3.9,Aston Villa,0,0.0
M,55,Philogene-Bidace,4.5,4.5,Aston Villa,0,0.0
F,54,Archer,4.2,4.2,Aston Villa,0,0.0
F,52,Davis,5.4,5.4,Aston Villa,0,0.0
M,51,El Ghazi,4.8,4.8,Aston Villa,0,0.0
M,49,Iroegbunam,4.5,4.5,Aston Villa,0,0.0
M,41,Nakamba,4.3,4.3,Aston Villa,0,0.0
M,36,Sanson,4.3,4.3,Aston Villa,0,0.0
M,74,Dembélé,4.7,4.7,Bournemouth,0,0.0
M,29,Coutinho,6.6,6.6,Aston Villa,0,0.0
M,27,Marquinhos,4.6,4.6,Arsenal,0,0.0
D,26,Saliba,4.9,4.9,Arsenal,0,0.0
G,24,Turner,3.8,3.8,Arsenal,2,0.0
M,22,Torreira,4.5,4.5,Arsenal,0,0.0
D,20,Pablo Marí,4.5,4.5,Arsenal,0,0.0
M,19,Martinelli,6.5,6.5,Arsenal,0,0.0
D,17,Tavares,4.5,4.5,Arsenal,0,0.0
D,14,Tomiyasu,4.2,4.2,Arsenal,0,0.0
M,9,Pépé,5.3,5.3,Arsenal,0,0.0
M,4,Elneny,4.1,4.1,Arsenal,0,0.0
M,68,Pearson,4.4,4.4,Bournemouth,0,0.0
G,77,Dennis,3.9,3.9,Bournemouth,0,0.0
M,144,Hudson-Odoi,5.3,5.3,Chelsea,0,0.0
M,115,Alzate,4.4,4.4,Brighton,0,0.0
D,143,Sarr,5.0,5.0,Chelsea,0,0.0
D,138,Kenedy,3.9,3.9,Chelsea,0,0.0
F,137,Werner,7.9,7.9,Chelsea,0,0.0
M,131,Barkley,4.9,4.9,Chelsea,0,0.0
D,129,Alonso,5.3,5.3,Chelsea,0,0.0
M,126,Kozłowski,4.5,4.5,Brighton,0,0.0
D,122,Roberts,4.0,4.0,Brighton,0,0.0
M,121,Richards,4.5,4.5,Brighton,0,0.0
M,119,Sarmiento,4.5,4.5,Brighton,0,0.0
M,118,Mwepu,5.3,5.3,Brighton,0,0.0
M,117,Moder,4.4,4.4,Brighton,0,0.0
D,114,Lamptey,4.2,4.2,Brighton,0,0.0
D,78,Jansson,4.2,4.2,Brentford,0,0.0
G,113,Sánchez,4.4,4.4,Brighton,0,0.0
M,101,Lallana,4.8,4.8,Brighton,0,0.0
G,100,Balcombe,4.0,4.0,Brentford,0,0.0
M,99,Bidstrup,4.5,4.5,Brentford,0,0.0
D,98,Thompson,4.0,4.0,Brentford,0,0.0
F,97,Forss,4.5,4.5,Brentford,0,0.0
D,96,Goode,3.9,3.9,Brentford,0,0.0
D,91,Bech,4.5,4.5,Brentford,0,0.0
D,82,Canós,5.0,5.0,Brentford,0,0.0
F,80,Toney,7.1,7.1,Brentford,0,0.0
M,79,Nørgaard,5.3,5.3,Brentford,0,0.0
D,295,N.Williams,3.8,3.8,Nott'm Forest,0,0.0
D,298,Ramsay,3.9,3.9,Liverpool,0,0.0
D,306,Cancelo,7.1,7.1,Man City,0,0.0
F,476,Jiménez,6.5,6.5,Wolves,0,0.0
G,502,Carson,3.8,3.8,Man City,0,0.0
D,500,Van den Berg,4.0,4.0,Liverpool,0,0.0
D,499,Davies,4.0,4.0,Liverpool,0,0.0
D,498,R.Williams,4.0,4.0,Liverpool,0,0.0
F,496,Plange,4.5,4.5,Crystal Palace,0,0.0
G,495,Matthews,4.0,4.0,Crystal Palace,0,0.0
D,494,Mosquera,3.9,3.9,Wolves,0,0.0
G,492,Šarkić,3.9,3.9,Wolves,0,0.0
M,490,Chiquinho,5.0,5.0,Wolves,0,0.0
F,488,Fabio Silva,5.5,5.5,Wolves,0,0.0
M,485,Cundle,4.4,4.4,Wolves,0,0.0
M,466,Vlasic,5.0,5.0,West Ham,0,0.0
M,508,Sinisterra,6.5,6.5,Leeds,0,0.0
D,462,Masuaku,4.5,4.5,West Ham,0,0.0
F,453,Parrott,4.5,4.5,Spurs,0,0.0
M,452,Devine,4.3,4.3,Spurs,0,0.0
G,451,Austin,3.9,3.9,Spurs,4,0.0
M,449,White,4.4,4.4,Spurs,0,0.0
F,447,Scarlett,4.5,4.5,Spurs,0,0.0
D,443,Romero,4.9,4.9,Spurs,0,0.0
D,442,Rodon,4.0,4.0,Spurs,0,0.0
M,440,Bentancur,5.3,5.3,Spurs,0,0.0
D,438,Reguilón,4.2,4.2,Spurs,0,0.0
M,437,Bergwijn,5.5,5.5,Spurs,0,0.0
M,506,Adams,4.9,4.9,Leeds,0,0.0
D,511,Richards,4.4,4.4,Nott'm Forest,0,0.0
G,310,Steffen,4.0,4.0,Man City,0,0.0
F,541,Dervişoğlu,4.5,4.5,Brentford,0,0.0
G,557,Smith,3.9,3.9,Wolves,0,0.0
M,556,Coventry,4.4,4.4,West Ham,0,0.0
M,554,Bryan,5.0,5.0,Spurs,0,0.0
M,553,Hammond,4.2,4.2,Nott'm Forest,0,0.0
M,551,Iqbal,4.2,4.2,Man Utd,1,0.0
M,550,Amad,4.4,4.4,Man Utd,0,0.0
G,548,Iversen,3.9,3.9,Leicester,88,0.0
D,547,Drameh,4.0,4.0,Leeds,0,0.0
M,546,Harris,4.3,4.3,Fulham,0,0.0
D,543,Clarke,4.0,4.0,Brighton,0,0.0
G,542,Scherpen,4.0,4.0,Brighton,0,0.0
D,540,Stevens,4.0,4.0,Brentford,0,0.0
M,515,Lewis-Potter,5.2,5.2,Brentford,0,0.0
D,539,Hill,4.4,4.4,Bournemouth,0,0.0
D,537,Kesler Hayden,4.0,4.0,Aston Villa,0,0.0
M,535,Tavernier,4.7,4.7,Bournemouth,0,0.0
D,533,Martínez,4.4,4.4,Man Utd,0,0.0
D,532,Mbabu,4.3,4.3,Fulham,0,0.0
D,531,Vinagre,4.3,4.3,Everton,0,0.0
F,529,Scamacca,6.6,6.6,West Ham,0,0.0
D,525,Augustinsson,4.3,4.3,Aston Villa,0,0.0
M,524,O'Brien,4.7,4.7,Nott'm Forest,0,0.0
D,522,Spence,4.1,4.1,Spurs,0,0.0
M,521,Francois,4.4,4.4,Fulham,0,0.0
D,436,R.Sessegnon,4.4,4.4,Spurs,0,0.0
M,434,Winks,4.4,4.4,Spurs,0,0.0
D,430,Dier,5.0,5.0,Spurs,0,0.0
D,350,Ritchie,4.2,4.2,Newcastle,0,0.0
M,375,Hendrick,4.5,4.5,Newcastle,0,0.0
M,373,Willock,4.7,4.7,Newcastle,0,0.0
M,371,Joelinton,6.0,6.0,Newcastle,0,0.0
D,364,Krafth,4.3,4.3,Newcastle,0,0.0
D,363,Manquillo,4.2,4.2,Newcastle,0,0.0
F,361,Gayle,4.5,4.5,Newcastle,0,0.0
D,360,Lascelles,4.3,4.3,Newcastle,0,0.0
F,354,Wood,5.6,5.6,Nott'm Forest,0,0.0
G,353,Darlow,3.9,3.9,Newcastle,0,0.0
D,352,Clark,4.5,4.5,Newcastle,0,0.0
D,351,Fernández,4.4,4.4,Newcastle,0,0.0
G,348,Heaton,3.8,3.8,Man Utd,0,0.0
D,429,Doherty,4.6,4.6,Spurs,0,0.0
M,346,Andreas,4.3,4.3,Fulham,0,0.0
D,339,Bailly,4.0,4.0,Man Utd,0,0.0
M,336,Van de Beek,5.1,5.1,Man Utd,0,0.0
D,334,Telles,5.0,5.0,Man Utd,0,0.0
D,328,Jones,3.8,3.8,Man Utd,0,0.0
F,326,Ronaldo,10.2,10.2,Man Utd,0,0.0
F,323,Delap,4.4,4.4,Man City,0,0.0
D,322,Wilson-Esbrand,3.8,3.8,Man City,0,0.0
D,320,Mbete,3.9,3.9,Man City,0,0.0
M,317,McAtee,4.5,4.5,Man City,0,0.0
D,313,Zinchenko,5.0,5.0,Arsenal,0,0.0
G,376,Pope,5.4,5.4,Newcastle,0,0.0
M,378,Arter,4.1,4.1,Nott'm Forest,0,0.0
F,380,Lyle Taylor,4.1,4.1,Nott'm Forest,0,0.0
G,382,Samba,4.5,4.5,Nott'm Forest,0,0.0
G,425,Lloris,5.4,5.4,Spurs,0,0.0
G,424,Caballero,3.8,3.8,Southampton,0,0.0
D,423,Bella-Kotchap,4.5,4.5,Southampton,0,0.0
G,421,Lis,4.0,4.0,Southampton,0,0.0
D,420,Salisu,4.2,4.2,Southampton,0,0.0
D,417,Perraud,4.0,4.0,Southampton,0,0.0
M,415,Smallbone,4.5,4.5,Southampton,0,0.0
D,414,Valery,4.0,4.0,Southampton,0,0.0
M,412,Tella,5.0,5.0,Southampton,0,0.0
F,411,Adams,6.0,6.0,Southampton,0,0.0
M,403,Redmond,5.3,5.3,Southampton,0,0.0
M,402,Romeu,4.8,4.8,Southampton,0,0.0
D,399,Biancone,4.2,4.2,Nott'm Forest,0,0.0
G,398,Henderson,4.6,4.6,Nott'm Forest,0,0.0
M,396,Ojeda,4.5,4.5,Nott'm Forest,0,0.0
M,395,Mighten,4.9,4.9,Nott'm Forest,0,0.0
D,392,Laryea,4.5,4.5,Nott'm Forest,0,0.0
M,390,Xande Silva,5.0,5.0,Nott'm Forest,0,0.0
D,389,Panzo,4.0,4.0,Nott'm Forest,0,0.0
D,386,Dräger,4.0,4.0,Nott'm Forest,0,0.0
D,385,McKenna,4.4,4.4,Nott'm Forest,0,0.0
M,384,Lolley,4.9,4.9,Nott'm Forest,0,0.0
M,383,Cafú,4.2,4.2,Nott'm Forest,0,0.0
G,10359,Louie Moulden,99.9,99.9,Wolves,0,0.0
M,225,Rodrigo,6.3,6.3,Leeds,52,
F,227,Bamford,7.1,7.1,Leeds,28,
