Pos,ID,Name,BV,SV,Team,3_xMins,3_Pts,4_xMins,4_Pts,5_xMins,5_Pts,6_xMins,6_Pts,7_xMins,7_Pts
D,1,Cédric,4.4,4.4,Arsenal,4,0.14,8,0.35,9,0.38,9,0.29,9,0.39
G,2,Leno,4.5,4.5,Fulham,12,0.51,30,1.08,40,1.61,61,2.15,57,2.07
M,3,Xhaka,5.0,5.0,Arsenal,77,2.76,74,2.75,74,2.58,68,2.05,67,2.46
M,4,Elneny,4.4,4.4,Arsenal,10,0.39,12,0.48,10,0.40,12,0.42,12,0.45
D,5,Holding,4.4,4.4,Arsenal,9,0.35,10,0.42,10,0.38,7,0.21,8,0.34
M,6,Partey,5.0,5.0,Arsenal,83,3.13,81,3.17,79,2.92,76,2.39,75,2.91
M,7,Ødegaard,6.4,6.4,Arsenal,76,4.14,72,4.20,72,3.88,69,3.09,67,3.79
D,8,Tierney,4.9,4.9,Arsenal,19,0.99,29,1.60,37,1.91,46,1.63,49,2.71
M,9,Pépé,5.3,5.3,Arsenal,7,0.57,5,0.43,5,0.42,6,0.39,6,0.53
D,10,White,4.5,4.5,Arsenal,75,3.50,67,3.11,60,2.62,67,2.02,63,3.03
F,11,Nketiah,6.8,6.8,Arsenal,25,1.61,25,1.80,26,1.77,26,1.52,26,1.84
M,12,Smith Rowe,5.9,5.9,Arsenal,10,0.73,15,1.04,20,1.33,27,1.49,29,1.92
M,13,Saka,8.0,8.0,Arsenal,77,5.21,78,5.58,76,5.04,75,4.03,70,4.96
D,14,Tomiyasu,4.4,4.4,Arsenal,22,1.10,39,1.98,56,2.57,62,2.01,66,3.35
G,15,Ramsdale,5.0,5.0,Arsenal,89,4.21,88,4.12,87,3.96,87,3.41,86,4.16
D,16,Gabriel,5.0,5.0,Arsenal,81,4.33,77,4.09,71,3.55,68,2.36,67,3.61
D,17,Tavares,4.5,4.5,Arsenal,0,0.00,0,0.00,0,0.00,0,0.00,0,0.00
M,18,Sambi,4.5,4.5,Arsenal,10,0.44,9,0.40,6,0.28,5,0.21,7,0.33
M,19,Martinelli,6.3,6.3,Arsenal,75,4.91,72,5.03,71,4.59,64,3.39,63,4.39
D,20,Pablo Marí,4.5,4.5,Arsenal,0,0.00,0,0.00,0,0.00,0,0.00,0,0.00
M,21,Maitland-Niles,4.9,4.9,Arsenal,1,0.09,2,0.15,2,0.17,3,0.20,3,0.25
M,22,Torreira,4.5,4.5,Arsenal,0,0.00,0,0.00,0,0.00,0,0.00,0,0.00
M,23,Nelson,4.9,4.9,Arsenal,0,0.00,0,0.00,0,0.00,0,0.00,0,0.00
G,24,Turner,4.0,4.0,Arsenal,1,0.05,2,0.09,3,0.13,3,0.13,4,0.18
M,25,Fábio Vieira,5.8,5.8,Arsenal,7,0.45,10,0.66,15,0.87,20,0.99,21,1.27
D,26,Saliba,4.5,4.5,Arsenal,79,3.93,69,3.44,65,3.03,57,1.86,58,2.96
M,27,Marquinhos,4.9,4.9,Arsenal,0,0.02,1,0.06,0,0.01,1,0.05,1,0.06
F,28,Jesus,8.1,8.0,Arsenal,81,5.38,78,5.61,73,4.88,71,3.92,71,4.92
M,29,Coutinho,6.9,6.9,Aston Villa,35,1.87,63,3.48,64,2.69,60,2.46,59,2.98
F,30,Ings,7.0,7.0,Aston Villa,57,3.03,54,3.34,52,2.46,51,2.30,49,2.73
G,31,Martínez,5.0,5.0,Aston Villa,89,3.63,88,3.53,89,3.17,88,3.13,88,3.34
D,32,Chambers,4.5,4.5,Aston Villa,52,1.75,47,1.61,51,1.07,51,0.89,51,1.46
D,33,Digne,4.9,4.9,Aston Villa,85,3.24,82,3.32,80,1.94,77,1.56,76,2.58
M,34,Traoré,4.9,4.9,Aston Villa,4,0.32,4,0.33,4,0.30,5,0.33,7,0.47
G,35,Olsen,4.0,4.0,Aston Villa,1,0.04,2,0.07,1,0.05,2,0.06,2,0.09
M,36,Sanson,4.5,4.5,Aston Villa,8,0.40,9,0.46,10,0.46,13,0.57,12,0.58
M,37,McGinn,5.5,5.5,Aston Villa,84,2.59,80,2.60,78,2.13,76,2.02,76,2.29
D,38,Hause,4.4,4.4,Aston Villa,1,0.05,3,0.13,7,0.18,7,0.16,8,0.27
D,39,Mings,4.4,4.4,Aston Villa,86,2.74,83,2.68,80,1.55,79,1.33,76,2.08
F,40,Watkins,7.4,7.4,Aston Villa,75,3.31,72,3.65,74,2.87,71,2.65,72,3.29
M,41,Nakamba,4.5,4.5,Aston Villa,6,0.28,10,0.40,10,0.41,10,0.39,11,0.46
M,42,Buendía,6.0,6.0,Aston Villa,57,2.59,39,2.13,32,1.46,37,1.56,36,1.80
D,43,Cash,4.9,4.9,Aston Villa,64,2.23,80,2.85,78,1.69,75,1.34,76,2.29
D,44,Konsa,4.5,4.5,Aston Villa,49,1.73,49,1.74,47,1.07,48,0.93,50,1.50
M,45,Bailey,4.9,4.9,Aston Villa,37,1.85,33,1.88,36,1.59,38,1.60,38,1.90
M,46,Douglas Luiz,4.9,4.9,Aston Villa,21,0.69,21,0.72,23,0.70,24,0.74,27,0.90
M,47,Ramsey,5.4,5.4,Aston Villa,67,2.47,65,2.59,65,2.12,63,2.00,63,2.33
M,48,Chukwuemeka,4.5,4.5,Chelsea,1,0.07,1,0.09,1,0.12,1,0.05,1,0.09
M,49,Iroegbunam,4.5,4.5,Aston Villa,1,0.04,2,0.07,3,0.13,3,0.11,4,0.17
D,50,Diego Carlos,4.9,4.9,Aston Villa,0,0.00,0,0.00,0,0.00,0,0.00,0,0.00
M,51,El Ghazi,4.9,4.9,Aston Villa,0,0.00,0,0.00,0,0.03,0,0.02,1,0.04
F,52,Davis,5.4,5.4,Aston Villa,0,0.00,0,0.00,0,0.00,0,0.00,0,0.00
M,53,Kamara,5.0,5.0,Aston Villa,77,2.16,76,2.18,74,1.87,73,1.80,70,1.92
F,54,Archer,4.5,4.5,Aston Villa,10,0.45,12,0.63,13,0.56,15,0.58,14,0.65
M,55,Philogene-Bidace,4.5,4.5,Aston Villa,0,0.00,0,0.00,0,0.00,0,0.00,0,0.00
D,56,Guilbert,4.0,4.0,Aston Villa,17,0.60,8,0.30,8,0.20,11,0.23,11,0.34
D,57,Smith,4.5,4.5,Bournemouth,80,1.79,69,1.13,66,2.58,60,2.21,59,2.14
M,58,Stanislas,4.9,4.9,Bournemouth,22,1.18,19,0.89,20,1.30,22,1.32,21,1.22
D,59,Fredericks,4.4,4.4,Bournemouth,2,0.06,15,0.34,22,0.88,30,1.15,38,1.43
M,60,Brooks,5.4,5.4,Bournemouth,0,0.00,0,0.00,0,0.00,0,0.00,0,0.00
M,61,Lowe,5.4,5.4,Bournemouth,8,0.46,6,0.32,8,0.48,8,0.44,9,0.49
F,62,Moore,5.5,5.5,Bournemouth,51,2.05,28,1.01,27,1.30,26,1.25,30,1.33
M,63,Marcondes,4.9,4.9,Bournemouth,4,0.24,5,0.24,5,0.28,6,0.33,5,0.29
M,64,Lerma,5.0,5.0,Bournemouth,79,2.17,74,1.79,73,2.34,74,2.28,71,2.18
D,65,Stacey,4.4,4.4,Bournemouth,45,1.01,26,0.47,25,0.99,23,0.86,24,0.88
F,66,Solanke,5.9,5.9,Bournemouth,46,1.92,78,2.58,78,3.96,76,3.61,75,3.48
M,67,Cook,5.0,5.0,Bournemouth,40,1.27,40,1.18,42,1.45,41,1.42,40,1.38
M,68,Pearson,4.5,4.5,Bournemouth,57,1.53,53,1.34,51,1.54,54,1.59,52,1.53
M,69,Christie,5.5,5.5,Bournemouth,45,1.73,45,1.46,45,1.98,42,1.84,43,1.84
M,70,Billing,5.4,5.4,Bournemouth,50,1.81,54,1.60,54,2.22,53,2.13,52,2.02
D,71,Mepham,4.5,4.5,Bournemouth,71,1.42,64,1.06,63,2.21,59,1.94,62,2.02
G,72,Travers,4.5,4.5,Bournemouth,57,2.03,50,1.78,44,1.81,44,1.78,43,1.73
D,73,Kelly,4.5,4.5,Bournemouth,83,1.63,76,1.16,74,2.59,75,2.44,72,2.35
M,74,Dembélé,4.9,4.9,Bournemouth,10,0.48,8,0.33,9,0.49,12,0.59,10,0.49
M,75,Anthony,5.4,5.4,Bournemouth,20,0.94,19,0.80,22,1.16,24,1.20,20,0.99
D,76,Zemura,4.5,4.5,Bournemouth,43,0.95,69,1.09,66,2.50,67,2.34,59,2.06
G,77,Dennis,4.0,4.0,Bournemouth,0,0.01,1,0.02,0,0.01,0,0.01,0,0.00
D,78,Jansson,4.5,4.5,Brentford,85,2.70,82,3.29,79,2.38,77,2.78,76,2.27
M,79,Nørgaard,5.5,5.5,Brentford,79,2.50,76,2.60,74,2.27,74,2.55,72,2.29
F,80,Toney,7.1,7.0,Brentford,84,4.28,82,4.62,80,3.69,79,4.71,77,4.05
G,81,Raya,4.5,4.5,Brentford,89,3.58,89,3.88,88,3.45,88,3.65,86,3.36
D,82,Canós,5.0,5.0,Brentford,0,0.00,0,0.04,3,0.18,5,0.33,9,0.50
M,83,Dasilva,4.6,4.6,Brentford,63,2.67,56,2.65,48,2.02,48,2.40,49,2.17
D,84,Ajer,4.5,4.5,Brentford,0,0.00,1,0.02,6,0.21,13,0.52,23,0.80
D,85,Henry,4.5,4.5,Brentford,82,2.77,79,3.32,76,2.46,74,2.84,74,2.37
M,86,Janelt,5.5,5.5,Brentford,52,1.98,62,2.49,63,2.19,61,2.47,64,2.34
M,87,Ghoddos,5.0,5.0,Brentford,7,0.40,8,0.45,11,0.55,11,0.62,10,0.56
M,88,Jensen,5.0,5.0,Brentford,57,2.36,56,2.52,57,2.26,54,2.48,54,2.28
M,89,Wissa,5.4,5.4,Brentford,40,2.16,41,2.44,33,1.73,32,2.02,35,1.92
D,90,Roerslev,4.5,4.5,Brentford,44,1.43,43,1.71,42,1.31,44,1.58,40,1.21
D,91,Bech,4.5,4.5,Brentford,17,0.55,19,0.77,23,0.76,23,0.85,21,0.68
D,92,Pinnock,4.4,4.4,Brentford,0,0.00,0,0.00,0,0.00,0,0.00,0,0.00
M,93,Onyeka,5.0,5.0,Brentford,16,0.72,18,0.81,22,0.91,23,1.03,23,0.98
M,94,Baptiste,4.5,4.5,Brentford,7,0.40,10,0.52,10,0.48,12,0.60,11,0.53
F,95,Mbeumo,6.0,6.0,Brentford,76,3.26,72,3.45,69,2.85,67,3.36,65,2.98
D,96,Goode,4.0,4.0,Brentford,0,0.01,0,0.01,1,0.03,1,0.03,1,0.03
F,97,Forss,4.5,4.5,Brentford,0,0.00,0,0.00,0,0.00,0,0.00,0,0.00
D,98,Thompson,4.0,4.0,Brentford,0,0.00,0,0.00,0,0.00,0,0.00,0,0.00
M,99,Bidstrup,4.5,4.5,Brentford,0,0.00,0,0.00,0,0.00,0,0.00,0,0.00
G,100,Balcombe,4.0,4.0,Brentford,0,0.00,0,0.00,0,0.00,0,0.00,0,0.00
M,101,Lallana,5.0,5.0,Brighton,47,1.92,41,1.94,42,1.83,40,1.84,44,1.94
G,102,Steele,4.0,4.0,Brighton,1,0.03,3,0.12,2,0.09,3,0.13,3,0.14
F,103,Welbeck,6.5,6.5,Brighton,74,3.32,68,3.56,65,3.07,65,3.31,64,3.02
M,104,Groß,5.7,5.7,Brighton,76,3.47,68,3.82,59,3.00,58,3.15,57,2.98
D,105,Duffy,4.5,4.5,Fulham,16,0.65,29,0.62,39,1.44,47,0.86,50,1.20
D,106,Dunk,4.5,4.5,Brighton,85,2.77,83,3.65,82,3.10,83,3.37,81,3.66
M,107,March,5.0,5.0,Brighton,69,2.35,41,1.72,39,1.53,39,1.59,41,1.64
D,108,Webster,4.5,4.5,Brighton,82,2.64,79,3.37,78,2.89,76,3.05,75,3.34
D,109,Veltman,4.5,4.5,Brighton,84,2.53,77,3.13,76,2.70,72,2.72,74,3.15
F,110,Maupay,6.3,6.3,Brighton,13,0.71,15,0.94,16,0.91,16,1.00,18,1.00
M,111,Trossard,6.5,6.5,Brighton,76,3.31,69,4.00,66,3.39,64,3.59,62,3.30
D,112,Cucurella,5.0,5.0,Chelsea,70,3.66,69,3.97,67,3.56,68,3.73,64,3.43
G,113,Sánchez,4.5,4.5,Brighton,89,3.54,87,3.78,88,3.66,87,3.71,87,3.94
D,114,Lamptey,4.5,4.5,Brighton,26,0.99,33,1.59,34,1.47,36,1.66,33,1.62
M,115,Alzate,4.5,4.5,Brighton,7,0.40,8,0.44,9,0.47,11,0.53,11,0.53
M,116,Mac Allister,5.5,5.5,Brighton,77,3.01,73,3.39,72,3.06,71,3.20,69,3.03
M,117,Moder,4.5,4.5,Brighton,0,0.00,0,0.00,0,0.00,0,0.00,0,0.00
M,118,Mwepu,5.4,5.4,Brighton,31,1.49,42,2.11,42,1.95,44,2.14,44,2.06
M,119,Sarmiento,4.5,4.5,Brighton,3,0.17,2,0.13,4,0.21,3,0.22,4,0.24
M,120,Caicedo,5.0,5.0,Brighton,75,2.33,73,2.51,72,2.34,70,2.36,68,2.31
M,121,Richards,4.5,4.5,Brighton,0,0.00,0,0.00,0,0.00,0,0.00,0,0.00
D,122,Roberts,4.0,4.0,Brighton,0,0.00,0,0.00,0,0.00,0,0.00,0,0.00
F,123,Undav,5.4,5.4,Brighton,36,1.80,37,2.17,36,1.90,38,2.11,39,2.07
M,124,Mitoma,5.0,5.0,Brighton,3,0.17,3,0.15,3,0.14,3,0.15,3,0.16
F,125,Enciso,5.0,5.0,Brighton,7,0.34,6,0.31,7,0.36,9,0.42,10,0.48
M,126,Kozłowski,4.5,4.5,Brighton,1,0.06,2,0.08,2,0.11,3,0.13,3,0.15
D,127,Azpilicueta,5.0,5.0,Chelsea,49,2.39,46,2.42,47,2.29,44,2.23,44,2.21
D,128,Thiago Silva,5.5,5.5,Chelsea,79,3.55,78,3.87,76,3.52,72,3.48,74,3.49
D,129,Alonso,5.3,5.3,Chelsea,0,0.00,0,0.00,0,0.00,0,0.00,0,0.00
M,130,Jorginho,6.0,6.0,Chelsea,79,3.46,75,3.46,72,3.21,69,3.15,68,3.02
M,131,Barkley,5.0,5.0,Chelsea,2,0.13,3,0.23,3,0.17,2,0.17,2,0.15
M,132,Kovacic,4.9,4.9,Chelsea,4,0.18,22,0.95,29,1.20,45,1.85,58,2.30
G,133,Arrizabalaga,4.5,4.5,Chelsea,1,0.04,3,0.14,3,0.12,2,0.11,5,0.22
M,134,Kanté,5.0,5.0,Chelsea,0,0.00,0,0.00,0,0.00,0,0.00,0,0.00
M,135,Ziyech,5.8,5.8,Chelsea,16,1.03,17,1.19,19,1.23,20,1.34,17,1.11
M,136,Loftus-Cheek,5.0,5.0,Chelsea,45,1.99,45,2.11,43,1.93,44,2.00,39,1.78
F,137,Werner,7.9,7.9,Chelsea,0,0.00,0,0.00,0,0.00,0,0.00,0,0.00
D,138,Kenedy,4.0,4.0,Chelsea,3,0.30,4,0.36,4,0.38,7,0.55,5,0.41
D,139,Chilwell,6.0,6.0,Chelsea,40,2.27,39,2.42,44,2.56,46,2.78,51,3.00
M,140,Pulisic,5.9,5.9,Chelsea,22,1.36,27,1.72,26,1.59,29,1.78,28,1.70
D,141,Chalobah,4.9,4.9,Chelsea,18,0.85,21,1.08,21,1.01,21,1.06,21,1.09
M,142,Mount,7.9,7.9,Chelsea,81,4.98,78,5.14,75,4.68,73,4.74,72,4.46
D,143,Sarr,5.0,5.0,Chelsea,0,0.00,0,0.00,0,0.00,0,0.00,0,0.00
M,144,Hudson-Odoi,5.4,5.4,Chelsea,12,0.73,10,0.64,14,0.89,13,0.87,13,0.80
F,145,Havertz,7.9,7.9,Chelsea,66,3.69,62,3.67,63,3.49,61,3.56,62,3.38
D,146,James,6.1,6.0,Chelsea,78,4.54,76,4.95,73,4.39,73,4.59,72,4.40
G,147,Mendy,5.0,5.0,Chelsea,89,3.94,87,4.07,87,3.93,88,4.03,85,3.90
M,148,Gallagher,5.8,5.8,Chelsea,47,2.19,41,2.03,38,1.79,31,1.52,27,1.29
M,149,Gilmour,4.5,4.5,Chelsea,10,0.47,9,0.43,10,0.46,8,0.36,7,0.31
F,150,Broja,5.4,5.4,Chelsea,1,0.07,6,0.44,8,0.52,11,0.74,18,1.13
D,151,Ampadu,4.5,4.5,Chelsea,2,0.07,3,0.09,3,0.11,5,0.18,5,0.16
G,152,Guaita,4.5,4.5,Crystal Palace,88,3.82,87,3.13,86,3.75,86,3.34,86,3.42
D,153,Tomkins,4.0,4.0,Crystal Palace,0,0.01,3,0.08,7,0.28,11,0.34,12,0.42
M,154,McArthur,4.9,4.9,Crystal Palace,0,0.00,7,0.23,15,0.63,23,0.85,44,1.60
F,155,Benteke,5.5,5.5,Crystal Palace,0,0.00,0,0.00,0,0.00,0,0.00,0,0.00
D,156,Ward,4.5,4.5,Crystal Palace,17,0.63,21,0.36,21,0.82,22,0.64,21,0.67
D,157,Clyne,4.5,4.5,Crystal Palace,81,3.11,76,1.20,74,3.00,71,2.14,72,2.30
M,158,Milivojevic,4.5,4.5,Crystal Palace,19,0.79,19,0.65,21,0.89,18,0.70,16,0.66
M,159,Ayew,5.5,5.5,Crystal Palace,56,2.52,51,1.67,48,2.39,51,2.10,48,2.12
M,160,Zaha,7.0,7.0,Crystal Palace,82,4.49,78,2.64,76,4.49,76,3.51,72,3.74
M,161,Schlupp,5.0,5.0,Crystal Palace,69,2.60,68,1.90,64,2.56,61,2.11,58,2.21
G,162,Butland,4.5,4.5,Crystal Palace,0,0.00,0,0.00,0,0.01,1,0.04,1,0.02
M,163,Hughes,5.0,5.0,Crystal Palace,23,0.98,23,0.84,24,1.08,25,0.99,17,0.76
M,164,Riedewald,4.5,4.5,Crystal Palace,6,0.24,7,0.25,9,0.38,9,0.34,7,0.27
D,165,Andersen,4.5,4.5,Crystal Palace,86,3.36,82,1.23,79,3.26,78,2.34,76,2.46
F,166,Edouard,5.5,5.5,Crystal Palace,56,3.06,52,1.99,51,2.96,49,2.34,49,2.60
D,167,Guéhi,4.5,4.5,Crystal Palace,87,3.33,82,1.22,79,3.21,79,2.35,78,2.48
F,168,Mateta,5.4,5.4,Crystal Palace,33,1.98,33,1.39,34,2.09,34,1.75,32,1.82
M,169,Eze,5.5,5.5,Crystal Palace,71,3.33,69,2.21,67,3.33,65,2.64,63,2.82
D,170,Mitchell,4.5,4.5,Crystal Palace,80,3.07,78,1.22,72,2.93,72,2.17,73,2.33
M,171,Olise,5.5,5.5,Crystal Palace,35,1.86,46,1.69,46,2.51,43,2.00,45,2.23
M,172,Rak-Sakyi,4.5,4.5,Crystal Palace,0,0.00,0,0.00,0,0.00,0,0.00,0,0.00
M,173,Ebiowei,4.5,4.5,Crystal Palace,11,0.59,13,0.57,16,0.87,16,0.77,17,0.88
D,174,Ferguson,4.0,4.0,Crystal Palace,0,0.00,0,0.00,0,0.00,0,0.00,0,0.00
G,175,Johnstone,4.5,4.5,Crystal Palace,2,0.07,3,0.11,4,0.16,3,0.14,4,0.15
G,176,Begović,4.0,4.0,Everton,1,0.04,2,0.07,3,0.10,4,0.13,4,0.13
F,177,Rondón,5.0,5.0,Everton,33,1.99,32,1.64,32,1.64,34,1.49,33,1.46
D,178,Coleman,4.5,4.5,Everton,22,1.07,45,1.51,63,2.08,64,1.41,63,1.36
M,179,Townsend,5.5,5.5,Everton,0,0.00,0,0.00,0,0.00,0,0.00,0,0.00
D,180,Keane,4.4,4.4,Everton,10,0.49,15,0.49,15,0.51,19,0.45,19,0.45
M,181,Dele,5.4,5.4,Everton,31,2.07,32,1.76,33,1.83,35,1.63,31,1.42
G,182,Pickford,4.5,4.5,Everton,89,3.95,88,3.39,87,3.33,86,3.10,86,3.07
M,183,Allan,4.9,4.9,Everton,27,1.06,23,0.82,31,1.08,35,1.06,29,0.91
M,184,André Gomes,4.5,4.5,Everton,0,0.01,1,0.06,1,0.10,3,0.19,4,0.24
M,185,A.Doucouré,5.4,5.4,Everton,0,0.00,0,0.00,0,0.00,0,0.00,24,0.78
M,186,Iwobi,5.5,5.5,Everton,80,3.52,74,2.73,70,2.62,71,2.27,68,2.19
M,187,Gbamin,4.5,4.5,Everton,2,0.09,3,0.10,4,0.15,4,0.14,3,0.11
D,188,Mina,4.4,4.4,Everton,0,0.00,0,0.00,0,0.00,0,0.00,0,0.00
M,189,Gray,5.5,5.5,Everton,62,4.11,58,2.99,59,3.06,56,2.41,56,2.36
M,190,Davies,5.0,5.0,Everton,56,2.20,63,2.04,60,1.97,60,1.73,55,1.63
F,191,Calvert-Lewin,7.9,7.9,Everton,0,0.00,0,0.00,0,0.00,0,0.00,6,0.27
D,192,Holgate,4.5,4.5,Everton,68,2.81,66,1.84,67,1.82,63,1.13,62,1.11
D,193,Godfrey,4.4,4.4,Everton,0,0.00,0,0.00,0,0.00,0,0.00,0,0.00
D,194,Mykolenko,4.5,4.5,Everton,80,3.84,76,2.53,74,2.42,73,1.59,73,1.56
M,195,Gordon,5.5,5.5,Everton,75,4.17,73,3.22,71,3.16,70,2.58,70,2.56
D,196,Branthwaite,4.0,4.0,Everton,0,0.00,0,0.00,0,0.00,0,0.00,0,0.00
D,197,Patterson,4.0,4.0,Everton,70,3.31,49,1.58,34,1.11,33,0.74,35,0.77
D,198,Nkounkou,4.0,4.0,Everton,1,0.04,2,0.05,3,0.07,3,0.07,4,0.08
D,199,Tarkowski,4.5,4.5,Everton,85,3.74,83,2.43,81,2.34,79,1.46,76,1.39
M,200,Cairney,4.9,4.9,Fulham,49,2.41,41,1.63,44,2.07,46,1.75,45,1.80
D,201,Ream,4.5,4.5,Fulham,72,2.42,65,1.12,61,1.96,55,0.94,54,1.18
M,202,Knockaert,4.9,4.9,Fulham,3,0.23,2,0.14,3,0.20,3,0.20,4,0.23
M,203,Chalobah,4.5,4.5,Fulham,13,0.56,13,0.53,13,0.55,16,0.63,16,0.65
M,204,Kebano,5.5,5.5,Fulham,67,3.42,64,2.46,63,3.02,62,2.33,60,2.40
M,205,De Cordova-Reid,5.5,5.5,Fulham,51,2.35,64,2.26,64,2.78,64,2.19,64,2.32
D,206,Bryan,4.4,4.4,Fulham,21,0.87,21,0.52,23,0.93,24,0.57,26,0.76
G,207,Gazzaniga,4.0,4.0,Fulham,1,0.04,1,0.04,1,0.04,0,0.01,1,0.03
D,208,Kongolo,4.0,4.0,Fulham,0,0.01,2,0.06,3,0.11,5,0.13,4,0.12
D,209,Tosin,4.5,4.5,Fulham,79,2.76,71,1.23,71,2.37,67,1.14,64,1.44
F,210,Mitrović,6.6,6.6,Fulham,85,5.13,81,3.38,79,4.35,78,3.14,78,3.36
M,211,Reed,4.5,4.5,Fulham,74,2.38,71,1.93,70,2.18,64,1.75,65,1.85
M,212,Wilson,5.9,5.9,Fulham,0,0.00,0,0.00,0,0.00,0,0.00,0,0.00
G,213,Rodák,4.5,4.5,Fulham,77,3.14,59,2.09,49,2.01,29,1.02,32,1.17
M,214,Cavaleiro,4.9,4.9,Fulham,4,0.22,2,0.12,3,0.20,4,0.19,4,0.19
D,215,Tete,4.5,4.5,Fulham,62,2.36,47,0.93,35,1.32,23,0.52,23,0.63
M,216,Onomah,4.5,4.5,Fulham,8,0.48,7,0.37,7,0.38,7,0.35,9,0.44
D,217,Robinson,4.5,4.5,Fulham,69,2.53,68,1.23,65,2.25,62,1.09,60,1.40
F,218,Muniz,5.4,5.4,Fulham,30,1.33,25,0.97,27,1.19,26,1.01,27,1.07
F,219,Stansfield,4.5,4.5,Fulham,4,0.26,5,0.22,6,0.34,6,0.28,7,0.34
M,220,Palhinha,5.0,5.0,Fulham,82,2.66,77,2.06,76,2.38,76,1.98,73,2.01
D,221,Cooper,4.5,4.5,Leeds,14,0.33,43,1.20,70,2.79,71,2.02,66,2.84
D,222,Ayling,4.5,4.5,Leeds,0,0.00,1,0.02,10,0.43,17,0.57,36,1.72
M,223,Klich,4.9,4.9,Leeds,24,1.15,25,1.20,24,1.30,26,1.26,24,1.37
M,224,Forshaw,4.5,4.5,Leeds,12,0.43,12,0.45,12,0.49,13,0.51,11,0.47
M,225,Rodrigo,6.2,6.2,Leeds,75,3.45,62,3.11,52,3.32,44,2.44,41,2.92
D,226,Dallas,5.0,5.0,Leeds,0,0.00,0,0.00,0,0.00,0,0.00,0,0.00
F,227,Bamford,7.4,7.4,Leeds,11,0.65,46,2.51,64,4.17,63,3.63,60,4.36
D,228,Llorente,4.5,4.5,Leeds,81,1.77,76,2.14,68,2.75,65,1.89,64,2.82
M,229,Roberts,5.0,5.0,Leeds,0,0.00,0,0.00,0,0.00,0,0.00,0,0.00
D,230,Koch,4.5,4.5,Leeds,78,1.77,57,1.60,40,1.64,38,1.17,31,1.41
M,231,James,6.0,6.0,Leeds,38,1.67,28,1.35,25,1.41,28,1.44,29,1.73
M,232,Raphinha,7.0,7.0,Leeds,0,0.00,0,0.00,0,0.00,0,0.00,0,0.00
M,233,Harrison,6.0,6.0,Leeds,69,2.76,66,2.81,61,3.21,61,2.80,60,3.39
M,234,Shackleton,4.5,4.5,Leeds,0,0.00,0,0.00,0,0.00,0,0.00,0,0.00
D,235,Struijk,4.5,4.5,Leeds,80,1.77,76,2.14,66,2.69,59,1.73,45,1.98
G,236,Klaesson,4.0,4.0,Leeds,0,0.01,2,0.08,2,0.10,3,0.12,3,0.12
F,237,Greenwood,4.5,4.5,Leeds,7,0.34,6,0.30,4,0.25,6,0.30,6,0.35
G,238,Meslier,4.5,4.5,Leeds,90,3.22,88,3.31,87,3.71,87,3.28,87,3.78
D,239,Firpo,4.5,4.5,Leeds,0,0.00,1,0.03,14,0.64,20,0.71,42,2.08
M,240,Summerville,4.5,4.5,Leeds,1,0.08,2,0.11,2,0.16,4,0.23,3,0.23
M,241,Bate,4.5,4.5,Leeds,0,0.00,0,0.00,0,0.00,0,0.00,0,0.00
F,242,Gelhardt,5.4,5.4,Leeds,37,1.67,21,1.12,17,1.08,17,1.02,21,1.44
D,243,Hjelde,4.0,4.0,Leeds,16,0.47,16,0.55,12,0.51,13,0.44,9,0.38
D,244,Kristensen,4.9,4.9,Leeds,85,1.92,84,2.40,79,3.35,76,2.32,75,3.46
M,245,Roca,5.0,5.0,Leeds,76,2.27,71,2.19,70,2.45,68,2.19,69,2.58
M,246,Aaronson,5.5,5.5,Leeds,77,2.76,65,2.51,60,2.79,62,2.52,64,3.13
M,247,Gyabi,4.5,4.5,Leeds,1,0.03,1,0.04,1,0.03,1,0.05,1,0.03
G,248,Schmeichel,5.0,5.0,Leicester,0,0.00,0,0.00,0,0.00,0,0.00,0,0.00
D,249,Evans,4.5,4.5,Leicester,78,3.02,75,1.40,71,2.15,69,2.04,66,2.40
D,250,Bertrand,4.0,4.0,Leicester,0,0.00,0,0.00,0,0.00,0,0.00,0,0.01
M,251,Albrighton,5.0,5.0,Leicester,15,0.75,15,0.58,17,0.76,16,0.69,17,0.78
M,252,Mendy,4.5,4.5,Leicester,19,0.73,21,0.69,21,0.73,24,0.82,25,0.89
D,253,Vestergaard,4.0,4.0,Leicester,10,0.44,11,0.26,14,0.48,6,0.22,7,0.28
G,254,Ward,4.0,4.0,Leicester,85,3.58,85,3.02,82,3.16,81,3.13,80,3.33
F,255,Vardy,9.5,9.5,Leicester,73,5.10,69,2.87,69,4.01,67,3.48,67,4.14
D,256,Ricardo,4.4,4.4,Leicester,0,0.00,0,0.00,0,0.00,0,0.00,0,0.00
D,257,Amartey,4.5,4.5,Leicester,64,2.46,58,1.13,56,1.69,36,1.14,38,1.46
D,258,Castagne,4.5,4.5,Leicester,83,3.40,80,1.55,78,2.47,75,2.36,76,2.94
M,259,Tielemans,6.5,6.5,Leicester,67,3.13,67,2.10,65,2.60,65,2.40,64,2.69
M,260,Pérez,4.9,4.9,Leicester,7,0.51,10,0.51,11,0.65,11,0.59,13,0.75
M,261,Maddison,8.0,8.0,Leicester,77,5.05,76,2.92,72,3.90,71,3.46,71,4.17
F,262,Iheanacho,6.4,6.4,Leicester,21,1.41,23,1.09,21,1.24,21,1.16,24,1.50
M,263,Choudhury,4.5,4.5,Leicester,0,0.00,0,0.00,0,0.00,0,0.00,0,0.00
M,264,Barnes,6.9,6.9,Leicester,43,2.74,49,1.99,55,2.91,52,2.50,53,2.99
M,265,Ndidi,5.0,5.0,Leicester,83,2.65,76,1.87,79,2.24,78,2.13,72,2.20
M,266,Dewsbury-Hall,5.0,5.0,Leicester,71,2.86,69,2.00,69,2.45,69,2.30,68,2.57
D,267,Söyüncü,4.4,4.4,Leicester,26,1.02,32,0.63,34,1.04,17,0.52,18,0.68
D,268,Justin,4.5,4.5,Leicester,72,2.92,70,1.37,70,2.19,63,1.96,68,2.60
M,269,Soumaré,4.5,4.5,Leicester,2,0.08,3,0.12,5,0.20,4,0.17,6,0.27
D,270,Thomas,4.4,4.4,Leicester,27,1.13,28,0.60,29,0.95,31,0.99,25,0.96
F,271,Daka,5.9,5.9,Leicester,30,1.95,33,1.47,31,1.76,30,1.56,28,1.68
D,272,Fofana,4.5,4.5,Leicester,18,0.69,19,0.40,18,0.55,77,2.24,76,2.76
D,273,Brunt,4.0,4.0,Leicester,4,0.18,4,0.12,8,0.26,6,0.21,6,0.23
M,274,Milner,4.5,4.5,Liverpool,28,1.56,25,1.61,24,1.44,23,1.28,25,1.51
M,275,Henderson,5.5,5.5,Liverpool,65,2.63,71,3.34,73,3.17,70,2.83,69,3.05
D,276,Matip,5.9,5.9,Liverpool,0,0.00,10,0.58,14,0.75,48,2.49,61,3.43
M,277,Thiago,5.3,5.3,Liverpool,0,0.00,0,0.00,0,0.00,0,0.00,0,0.00
M,278,Chamberlain,5.0,5.0,Liverpool,0,0.00,0,0.00,0,0.00,0,0.00,0,0.00
F,279,Firmino,8.0,8.0,Liverpool,76,4.16,67,4.07,59,3.45,25,1.53,23,1.59
D,280,Van Dijk,6.5,6.5,Liverpool,87,3.63,82,5.09,80,4.25,79,4.03,79,4.37
G,281,Alisson,5.5,5.5,Liverpool,89,3.82,89,4.86,88,4.32,88,4.32,87,4.45
M,282,Fabinho,5.5,5.5,Liverpool,79,2.60,75,2.99,74,2.75,71,2.51,71,2.68
M,283,Salah,13.0,13.0,Liverpool,83,7.19,81,8.59,79,7.56,80,6.73,79,7.80
D,284,Robertson,6.9,6.9,Liverpool,79,3.78,80,5.52,76,4.57,74,4.27,73,4.65
D,285,Alexander-Arnold,7.5,7.5,Liverpool,86,4.76,85,6.73,83,5.65,82,5.36,80,5.90
D,286,Gomez,4.5,4.5,Liverpool,74,2.79,51,2.85,38,1.87,21,1.01,15,0.73
M,287,Keita,4.9,4.9,Liverpool,56,2.57,58,3.09,53,2.63,52,2.38,51,2.57
F,288,Diogo Jota,8.9,8.9,Liverpool,0,0.00,1,0.09,16,1.07,17,1.09,33,2.30
G,289,Kelleher,4.0,4.0,Liverpool,1,0.04,1,0.04,2,0.10,2,0.10,2,0.12
D,290,Konaté,4.9,4.9,Liverpool,0,0.00,25,1.41,40,1.97,30,1.46,31,1.64
M,291,Jones,4.9,4.9,Liverpool,5,0.25,11,0.64,22,1.14,23,1.12,32,1.65
D,292,Tsimikas,4.5,4.5,Liverpool,11,0.52,11,0.71,12,0.69,12,0.67,12,0.71
M,293,Luis Díaz,8.0,8.0,Liverpool,82,5.49,72,5.88,70,4.97,68,4.33,63,4.59
M,294,Elliott,5.0,5.0,Liverpool,41,2.08,42,2.69,39,2.31,35,1.83,27,1.54
D,295,N.Williams,4.0,4.0,Nott'm Forest,80,2.67,78,1.98,77,1.12,76,3.81,75,2.26
M,296,Carvalho,5.5,5.5,Liverpool,22,1.32,28,1.98,25,1.66,16,0.98,13,0.83
F,297,Darwin,9.0,9.0,Liverpool,0,0.00,0,0.00,0,0.00,60,4.02,56,4.39
D,298,Ramsay,4.0,4.0,Liverpool,0,0.00,0,0.00,0,0.00,0,0.00,0,0.00
D,299,Walker,5.1,5.1,Man City,76,3.59,73,4.06,72,4.23,72,3.46,67,3.00
M,300,Gündogan,7.5,7.5,Man City,49,2.67,50,3.06,50,3.57,48,2.71,44,2.42
M,301,De Bruyne,12.1,12.1,Man City,77,4.90,73,5.55,70,6.22,70,4.66,69,4.47
D,302,Stones,5.4,5.4,Man City,29,1.45,32,1.87,37,2.31,37,1.88,35,1.69
M,303,Mahrez,7.9,7.9,Man City,52,3.55,51,4.04,52,4.80,50,3.52,48,3.31
M,304,Sterling,10.0,10.0,Chelsea,75,4.93,74,5.18,75,4.94,70,4.82,69,4.51
M,305,Grealish,7.0,7.0,Man City,55,3.09,57,3.74,55,4.16,54,3.17,55,3.08
D,306,Cancelo,7.1,7.0,Man City,85,4.53,81,5.21,82,5.76,80,4.33,78,3.99
G,307,Ederson,5.5,5.5,Man City,89,4.17,88,4.55,88,4.68,87,4.09,87,3.96
D,308,Aké,5.0,5.0,Man City,74,3.88,71,4.42,67,4.52,66,3.54,59,2.95
D,309,Laporte,5.9,5.9,Man City,0,0.00,0,0.00,0,0.00,1,0.07,21,1.09
G,310,Steffen,4.0,4.0,Man City,0,0.00,0,0.00,0,0.00,0,0.00,0,0.00
M,311,Bernardo,6.8,6.8,Man City,41,2.05,37,2.14,33,2.14,41,2.07,42,2.05
D,312,Dias,6.0,6.0,Man City,80,4.01,77,4.68,77,5.02,74,3.83,74,3.61
D,313,Zinchenko,5.2,5.2,Arsenal,71,3.80,67,3.59,61,3.05,60,2.15,59,3.29
M,314,Foden,8.0,8.0,Man City,67,4.01,67,4.75,67,5.40,64,3.98,66,3.98
M,315,Rodri,6.0,6.0,Man City,80,2.92,80,3.21,77,3.41,74,2.70,76,2.68
M,316,Palmer,4.5,4.5,Man City,4,0.24,5,0.29,9,0.54,10,0.51,10,0.51
M,317,McAtee,4.5,4.5,Man City,0,0.00,0,0.00,0,0.00,0,0.00,0,0.00
F,318,Haaland,11.7,11.7,Man City,75,5.81,72,6.55,70,7.53,68,5.43,66,5.08
F,319,Álvarez,6.3,6.3,Man City,20,1.24,24,1.65,26,2.02,28,1.64,30,1.72
D,320,Mbete,4.0,4.0,Man City,1,0.07,3,0.17,3,0.20,3,0.15,3,0.14
M,321,Lavia,4.5,4.5,Southampton,76,2.16,72,2.11,71,1.93,69,2.02,70,2.26
D,322,Wilson-Esbrand,4.0,4.0,Man City,3,0.14,4,0.21,4,0.25,6,0.28,4,0.19
F,323,Delap,4.5,4.5,Man City,2,0.13,3,0.24,3,0.30,4,0.26,5,0.34
G,324,Ortega,4.0,4.0,Man City,1,0.04,1,0.06,1,0.03,2,0.08,1,0.06
M,325,Phillips,4.9,4.9,Man City,19,0.73,24,0.99,27,1.23,29,1.10,26,1.01
F,326,Ronaldo,10.4,10.4,Man Utd,59,2.98,58,4.06,49,3.06,67,4.02,68,4.04
G,327,De Gea,4.9,4.9,Man Utd,89,3.14,88,3.57,87,3.40,86,3.32,87,3.62
D,328,Jones,4.0,4.0,Man Utd,0,0.01,1,0.02,1,0.02,1,0.03,0,0.01
D,329,Varane,4.9,4.9,Man Utd,75,1.46,61,2.22,48,1.53,48,1.48,45,1.67
D,330,Maguire,4.9,4.9,Man Utd,45,0.87,54,1.94,69,2.17,63,1.90,65,2.32
M,331,Fred,5.4,5.4,Man Utd,51,1.65,41,1.57,30,1.21,32,1.24,33,1.29
D,332,Shaw,4.9,4.9,Man Utd,27,0.72,33,1.42,42,1.60,37,1.36,42,1.73
M,333,Fernandes,9.8,9.8,Man Utd,67,2.62,73,3.88,81,4.01,81,3.65,80,3.71
D,334,Telles,5.0,5.0,Man Utd,0,0.00,0,0.00,0,0.00,0,0.00,0,0.00
M,335,Rashford,6.3,6.3,Man Utd,68,2.88,66,3.67,67,3.36,67,3.25,66,3.25
M,336,Van de Beek,5.4,5.4,Man Utd,17,0.67,13,0.65,11,0.50,13,0.60,13,0.57
D,337,Lindelöf,4.4,4.4,Man Utd,0,0.00,1,0.02,4,0.12,6,0.17,12,0.41
M,338,McTominay,4.9,4.9,Man Utd,52,1.53,30,1.12,25,0.92,23,0.84,26,0.93
D,339,Bailly,4.0,4.0,Man Utd,4,0.07,2,0.06,1,0.04,1,0.04,1,0.03
M,340,Sancho,7.3,7.3,Man Utd,75,3.09,71,3.89,68,3.40,67,3.25,67,3.34
D,341,Wan-Bissaka,4.4,4.4,Man Utd,12,0.27,12,0.44,19,0.62,20,0.63,22,0.82
D,342,Dalot,4.4,4.4,Man Utd,77,1.56,75,2.88,69,2.31,67,2.14,65,2.46
D,343,B.Williams,4.0,4.0,Man Utd,1,0.04,3,0.13,3,0.12,5,0.18,4,0.17
M,344,Elanga,4.9,4.9,Man Utd,23,1.12,22,1.30,26,1.40,23,1.23,22,1.20
F,345,Martial,6.9,6.9,Man Utd,31,1.56,36,2.17,40,2.22,31,1.73,28,1.61
M,346,Andreas,4.5,4.5,Fulham,58,2.55,75,2.45,72,2.95,71,2.31,69,2.37
M,347,Pellistri,4.5,4.5,Man Utd,0,0.00,0,0.00,0,0.00,0,0.00,0,0.00
G,348,Heaton,4.0,4.0,Man Utd,1,0.04,2,0.09,2,0.09,3,0.13,3,0.12
M,349,Shelvey,4.9,4.9,Newcastle,0,0.00,0,0.00,0,0.00,0,0.00,0,0.00
D,350,Ritchie,4.4,4.4,Newcastle,13,0.31,4,0.17,5,0.14,5,0.29,6,0.23
D,351,Fernández,4.4,4.4,Newcastle,1,0.02,1,0.05,3,0.08,3,0.14,4,0.15
D,352,Clark,4.5,4.5,Newcastle,0,0.00,0,0.00,0,0.00,0,0.00,0,0.00
G,353,Darlow,4.0,4.0,Newcastle,0,0.00,0,0.00,0,0.00,0,0.01,0,0.01
F,354,Wood,5.9,5.9,Newcastle,16,0.77,17,1.00,20,0.92,20,1.21,24,1.31
G,355,Dubravka,4.4,4.4,Newcastle,1,0.04,3,0.12,2,0.07,3,0.14,2,0.09
F,356,Wilson,7.5,7.5,Newcastle,74,2.90,71,3.64,66,2.49,66,3.64,63,3.09
D,357,Trippier,5.0,5.0,Newcastle,82,1.79,79,3.18,76,1.45,75,3.72,76,2.56
D,358,Burn,4.5,4.5,Newcastle,79,1.52,66,2.49,64,1.09,64,2.97,66,2.06
M,359,Fraser,5.4,5.4,Newcastle,24,1.03,41,1.92,43,1.61,44,2.21,43,1.91
D,360,Lascelles,4.4,4.4,Newcastle,8,0.18,4,0.14,4,0.11,5,0.23,6,0.19
F,361,Gayle,4.5,4.5,Newcastle,0,0.00,0,0.00,0,0.00,0,0.00,0,0.00
D,362,Dummett,4.0,4.0,Newcastle,11,0.23,4,0.11,2,0.04,2,0.05,2,0.05
D,363,Manquillo,4.4,4.4,Newcastle,7,0.17,7,0.26,8,0.21,8,0.33,7,0.23
D,364,Krafth,4.4,4.4,Newcastle,2,0.05,4,0.16,6,0.14,8,0.32,8,0.25
M,365,Murphy,4.5,4.5,Newcastle,16,0.68,13,0.63,16,0.65,18,0.88,17,0.79
D,366,Schär,4.6,4.6,Newcastle,79,1.55,72,2.73,70,1.25,66,3.11,63,2.01
D,367,Targett,4.9,4.9,Newcastle,14,0.31,74,2.67,77,1.31,77,3.47,74,2.27
M,368,Saint-Maximin,6.4,6.4,Newcastle,79,2.81,77,3.49,75,2.55,74,3.66,74,3.15
M,369,Almirón,5.0,5.0,Newcastle,68,2.34,63,2.67,61,2.00,61,2.77,60,2.42
M,370,S.Longstaff,4.5,4.5,Newcastle,24,0.83,23,0.87,25,0.83,23,0.91,25,0.90
M,371,Joelinton,6.0,6.0,Newcastle,71,2.14,69,2.55,66,1.95,66,2.66,65,2.28
D,372,Lewis,4.4,4.4,Newcastle,2,0.04,1,0.05,4,0.09,5,0.19,6,0.19
M,373,Willock,5.0,5.0,Newcastle,66,2.19,63,2.52,64,2.02,64,2.76,63,2.39
M,374,Bruno Guimarães,5.9,5.9,Newcastle,82,2.33,77,2.68,73,2.03,74,2.82,74,2.46
M,375,Hendrick,4.5,4.5,Newcastle,0,0.00,0,0.00,0,0.00,0,0.00,0,0.00
G,376,Pope,5.0,5.0,Newcastle,89,3.21,87,3.62,88,3.13,87,3.90,88,3.41
D,377,Botman,4.5,4.5,Newcastle,68,1.23,53,1.82,55,0.92,55,2.35,56,1.61
M,378,Arter,4.5,4.5,Nott'm Forest,0,0.01,0,0.01,0,0.00,0,0.02,0,0.02
D,379,Cook,4.5,4.5,Nott'm Forest,51,1.44,30,0.71,28,0.47,32,1.38,33,0.88
F,380,Taylor,4.5,4.5,Nott'm Forest,1,0.06,2,0.10,2,0.09,2,0.13,3,0.14
M,381,Colback,4.5,4.5,Nott'm Forest,12,0.37,21,0.64,19,0.54,23,0.82,23,0.71
G,382,Samba,4.5,4.5,Nott'm Forest,0,0.00,0,0.00,0,0.00,0,0.00,0,0.00
M,383,Cafú,4.5,4.5,Nott'm Forest,3,0.11,4,0.14,3,0.11,4,0.19,5,0.23
M,384,Lolley,4.9,4.9,Nott'm Forest,0,0.00,0,0.00,0,0.00,0,0.00,0,0.00
D,385,McKenna,4.5,4.5,Nott'm Forest,79,2.17,72,1.50,69,1.00,67,2.76,67,1.63
D,386,Dräger,4.0,4.0,Nott'm Forest,0,0.00,0,0.00,0,0.00,0,0.00,0,0.00
M,387,Yates,5.0,5.0,Nott'm Forest,15,0.51,27,0.87,20,0.56,17,0.69,18,0.64
D,388,Worrall,4.5,4.5,Nott'm Forest,85,2.26,78,1.57,76,1.05,73,2.96,74,1.75
D,389,Panzo,4.0,4.0,Nott'm Forest,0,0.00,0,0.00,0,0.00,0,0.00,0,0.00
M,390,Xande Silva,5.0,5.0,Nott'm Forest,0,0.00,0,0.00,0,0.00,0,0.00,0,0.00
F,391,Surridge,5.0,5.0,Nott'm Forest,7,0.47,12,0.65,11,0.51,11,0.71,11,0.63
D,392,Laryea,4.5,4.5,Nott'm Forest,0,0.00,0,0.00,0,0.00,0,0.00,0,0.00
D,393,Mbe Soh,4.4,4.4,Nott'm Forest,1,0.02,1,0.02,1,0.03,1,0.04,2,0.05
F,394,Johnson,5.9,5.9,Nott'm Forest,80,3.29,71,2.75,70,2.25,67,3.41,65,2.84
M,395,Mighten,4.9,4.9,Nott'm Forest,0,0.00,0,0.01,0,0.01,0,0.03,0,0.03
M,396,Ojeda,4.5,4.5,Nott'm Forest,0,0.00,0,0.00,0,0.00,0,0.00,0,0.00
F,397,Awoniyi,5.9,5.9,Nott'm Forest,70,3.21,63,2.70,55,2.03,54,3.08,55,2.73
G,398,Henderson,4.5,4.5,Nott'm Forest,89,3.33,87,3.10,87,3.21,86,3.79,86,3.13
D,399,Biancone,4.5,4.5,Nott'm Forest,35,1.21,31,0.87,29,0.58,30,1.50,33,1.06
M,400,Walcott,4.9,4.9,Southampton,0,0.00,0,0.01,1,0.07,1,0.09,4,0.28
G,401,McCarthy,4.5,4.5,Southampton,6,0.22,6,0.24,7,0.24,10,0.37,8,0.32
M,402,Romeu,4.9,4.9,Southampton,35,1.11,35,1.13,36,1.08,37,1.17,32,1.11
M,403,Redmond,5.4,5.4,Southampton,27,1.24,23,1.13,25,1.08,22,1.05,23,1.24
D,404,Stephens,4.5,4.5,Southampton,15,0.40,18,0.50,22,0.51,23,0.68,22,0.77
M,405,S.Armstrong,5.0,5.0,Southampton,49,2.04,48,2.05,48,1.83,50,2.11,48,2.33
M,406,Elyounoussi,5.4,5.4,Southampton,28,1.39,28,1.44,26,1.23,26,1.33,26,1.52
M,407,Ward-Prowse,6.5,6.5,Southampton,84,3.48,82,3.58,81,2.92,79,3.29,79,3.87
F,408,A.Armstrong,5.5,5.5,Southampton,44,2.28,40,2.20,43,1.99,41,2.16,41,2.45
D,409,Walker-Peters,4.5,4.5,Southampton,84,2.25,80,2.33,78,1.85,80,2.48,77,2.98
D,410,Bednarek,4.5,4.5,Southampton,73,1.76,71,1.87,70,1.51,67,1.91,65,2.27
F,411,Adams,6.4,6.4,Southampton,67,3.02,69,3.20,65,2.59,67,3.04,64,3.38
M,412,Tella,5.0,5.0,Southampton,0,0.00,0,0.00,0,0.00,0,0.00,0,0.00
D,413,Lyanco,4.5,4.5,Southampton,3,0.11,5,0.17,7,0.18,7,0.21,9,0.31
D,414,Valery,4.0,4.0,Southampton,23,0.71,23,0.77,24,0.70,25,0.89,28,1.15
M,415,Smallbone,4.5,4.5,Southampton,0,0.00,0,0.00,0,0.00,0,0.00,0,0.00
M,416,Diallo,4.5,4.5,Southampton,12,0.44,14,0.53,14,0.50,16,0.60,18,0.68
D,417,Perraud,4.5,4.5,Southampton,0,0.00,30,1.00,39,1.01,47,1.59,50,2.17
M,418,Djenepo,5.0,5.0,Southampton,63,2.31,48,1.91,44,1.61,39,1.61,39,1.75
D,419,Livramento,4.5,4.5,Southampton,0,0.00,0,0.00,0,0.00,0,0.00,0,0.00
D,420,Salisu,4.4,4.4,Southampton,83,1.94,82,2.05,79,1.63,75,2.06,75,2.53
G,421,Lis,4.0,4.0,Southampton,0,0.00,0,0.00,0,0.00,0,0.00,0,0.00
G,422,Bazunu,4.5,4.5,Southampton,84,3.06,83,3.08,83,2.99,80,3.04,82,3.28
D,423,Bella-Kotchap,4.5,4.5,Southampton,69,1.67,65,1.70,63,1.36,61,1.73,64,2.23
G,424,Caballero,4.0,4.0,Southampton,0,0.01,0,0.02,0,0.01,0,0.01,0,0.02
G,425,Lloris,5.5,5.5,Spurs,89,4.15,88,4.09,88,3.60,87,4.11,86,3.05
G,426,Forster,4.0,4.0,Spurs,1,0.05,2,0.08,2,0.07,3,0.13,4,0.15
F,427,Kane,11.4,11.4,Spurs,83,6.75,81,6.32,81,5.49,78,6.86,78,3.55
M,428,Son,11.9,11.9,Spurs,80,6.34,80,5.94,76,4.88,77,6.36,76,3.35
D,429,Doherty,4.8,4.8,Spurs,23,1.41,41,2.40,39,1.78,40,2.48,38,0.95
D,430,Dier,5.0,5.0,Spurs,86,4.09,82,3.87,80,2.87,79,3.88,78,1.43
M,431,Lucas Moura,5.9,5.9,Spurs,9,0.59,10,0.66,12,0.73,12,0.89,12,0.59
D,432,Davies,5.0,5.0,Spurs,80,3.85,73,3.48,65,2.32,61,3.00,55,1.02
M,433,Højbjerg,5.5,5.5,Spurs,76,2.77,73,2.60,74,2.33,73,2.68,71,1.86
M,434,Winks,4.5,4.5,Spurs,2,0.08,3,0.10,2,0.09,3,0.11,2,0.06
D,435,Sánchez,4.4,4.4,Spurs,75,3.67,69,3.29,57,2.06,48,2.42,42,0.79
D,436,R.Sessegnon,4.5,4.5,Spurs,49,3.18,40,2.48,35,1.77,36,2.36,36,1.11
M,437,Bergwijn,5.5,5.5,Spurs,0,0.00,0,0.00,0,0.00,0,0.00,0,0.00
D,438,Reguilón,4.4,4.4,Spurs,3,0.14,4,0.20,5,0.20,5,0.31,5,0.15
D,439,Tanganga,4.0,4.0,Spurs,5,0.23,9,0.38,7,0.28,5,0.24,5,0.13
M,440,Bentancur,5.5,5.5,Spurs,66,2.49,63,2.37,60,2.04,61,2.41,60,1.69
M,441,Skipp,4.5,4.5,Spurs,0,0.00,4,0.13,5,0.17,10,0.36,16,0.49
D,442,Rodon,4.0,4.0,Spurs,0,0.00,0,0.00,0,0.00,0,0.00,0,0.00
D,443,Romero,5.0,5.0,Spurs,0,0.00,6,0.28,21,0.72,27,1.31,53,0.97
M,444,Bissouma,5.0,5.0,Spurs,35,1.41,36,1.43,37,1.32,32,1.33,31,1.01
D,445,Emerson Royal,5.0,5.0,Spurs,63,3.54,45,2.53,45,1.92,43,2.55,43,0.99
M,446,Kulusevski,8.2,8.2,Spurs,69,4.04,63,3.61,57,2.95,58,3.63,56,2.18
F,447,Scarlett,4.5,4.5,Spurs,0,0.00,0,0.00,0,0.00,0,0.00,0,0.00
D,448,Perišić,5.4,5.4,Spurs,45,3.12,52,3.47,56,2.99,55,3.99,53,1.59
M,449,White,4.5,4.5,Spurs,0,0.00,0,0.00,0,0.01,0,0.01,0,0.01
M,450,Sarr,4.5,4.5,Spurs,0,0.00,0,0.01,0,0.01,0,0.02,0,0.00
G,451,Austin,4.0,4.0,Spurs,0,0.00,0,0.00,0,0.00,0,0.00,0,0.00
M,452,Devine,4.5,4.5,Spurs,0,0.00,0,0.01,0,0.01,0,0.02,0,0.01
F,453,Parrott,4.5,4.5,Spurs,0,0.00,0,0.00,0,0.00,0,0.00,0,0.00
F,454,Richarlison,8.5,8.5,Spurs,23,1.45,30,1.78,36,1.90,34,2.20,36,1.44
G,455,Fabianski,5.0,5.0,West Ham,89,3.73,88,3.43,87,3.27,88,3.13,88,3.70
D,456,Ogbonna,4.5,4.5,West Ham,9,0.34,6,0.20,7,0.22,7,0.19,8,0.32
D,457,Cresswell,5.0,5.0,West Ham,82,3.40,78,2.72,72,2.30,70,1.60,69,2.99
F,458,Antonio,7.4,7.4,West Ham,69,3.53,64,3.15,58,2.77,58,2.29,57,3.12
D,459,Dawson,4.9,4.9,West Ham,18,0.73,62,1.97,68,1.96,64,1.30,64,2.46
M,460,Lanzini,5.5,5.5,West Ham,46,2.40,41,2.04,37,1.79,42,1.69,40,2.18
D,461,Zouma,4.5,4.5,West Ham,84,3.11,78,2.46,77,2.18,77,1.58,78,2.96
D,462,Masuaku,4.5,4.5,West Ham,0,0.00,0,0.00,0,0.00,0,0.00,0,0.00
D,463,Coufal,4.5,4.5,West Ham,82,3.06,80,2.50,77,2.17,78,1.57,76,2.90
M,464,Benrahma,6.0,6.0,West Ham,48,2.58,47,2.37,45,2.18,44,1.82,45,2.52
M,465,Bowen,8.4,8.4,West Ham,76,4.17,73,3.71,69,3.32,70,2.77,70,4.00
M,466,Vlasic,5.0,5.0,West Ham,0,0.00,0,0.00,0,0.00,0,0.00,0,0.00
M,467,Rice,5.0,5.0,West Ham,85,2.77,84,2.60,82,2.46,79,2.13,78,2.61
M,468,Soucek,5.5,5.5,West Ham,86,3.35,84,3.04,83,2.88,80,2.41,82,3.29
M,469,Fornals,5.5,5.5,West Ham,62,2.69,61,2.51,61,2.38,59,2.01,58,2.63
D,470,Diop,4.5,4.5,Fulham,13,0.44,16,0.30,12,0.39,11,0.22,14,0.33
D,471,Johnson,4.5,4.5,West Ham,55,2.02,25,0.86,29,0.90,31,0.75,31,1.25
D,472,Aguerd,4.9,4.9,West Ham,0,0.00,0,0.00,0,0.00,0,0.00,0,0.00
G,473,Areola,4.5,4.5,West Ham,1,0.06,2,0.07,3,0.10,2,0.08,2,0.07
D,474,Boly,4.4,4.4,Wolves,31,0.65,36,1.27,33,1.31,38,1.48,36,0.61
D,475,Coady,4.9,4.9,Everton,83,3.44,79,2.28,79,2.22,77,1.45,76,1.41
F,476,Jiménez,6.9,6.9,Wolves,14,0.67,38,2.13,62,3.22,62,3.76,59,2.18
D,477,Jonny,4.5,4.5,Wolves,77,1.54,68,2.48,59,2.42,61,2.52,61,1.04
G,478,Sá,5.0,5.0,Wolves,89,3.18,89,3.64,88,3.83,87,3.70,87,3.09
M,479,Dendoncker,5.0,5.0,Wolves,56,1.63,22,0.81,18,0.67,21,0.84,25,0.73
M,480,Neves,5.5,5.5,Wolves,82,2.46,78,2.81,76,2.67,73,2.76,75,1.98
M,481,Hwang,6.0,6.0,Wolves,56,2.32,45,2.42,34,1.82,35,2.10,37,1.49
D,482,Semedo,5.0,5.0,Wolves,19,0.46,37,1.38,58,2.31,57,2.25,56,0.97
M,483,Podence,5.5,5.5,Wolves,67,2.42,58,2.68,54,2.44,53,2.73,54,1.84
D,484,Kilman,4.5,4.5,Wolves,81,1.49,79,2.65,77,2.90,74,2.78,72,1.14
M,485,Cundle,4.5,4.5,Wolves,8,0.37,4,0.20,3,0.15,5,0.29,5,0.25
M,486,Neto,5.4,5.4,Wolves,74,2.76,71,3.45,72,3.40,69,3.72,68,2.32
D,487,Aït-Nouri,4.5,4.5,Wolves,78,1.54,68,2.43,56,2.22,56,2.23,56,0.92
F,488,Fabio Silva,5.5,5.5,Wolves,0,0.00,0,0.00,0,0.00,0,0.00,0,0.00
D,489,Toti,4.0,4.0,Wolves,4,0.12,7,0.24,7,0.29,8,0.32,10,0.21
M,490,Chiquinho,5.0,5.0,Wolves,0,0.00,0,0.00,0,0.00,0,0.00,0,0.00
M,491,Adama,5.5,5.5,Wolves,25,1.10,21,1.10,17,0.90,18,1.02,17,0.74
G,492,Šarkić,4.0,4.0,Wolves,1,0.02,1,0.06,2,0.08,3,0.12,3,0.12
M,493,Gibbs-White,5.5,5.5,Nott'm Forest,16,0.70,42,1.57,43,1.35,45,2.21,43,1.78
D,494,Mosquera,4.0,4.0,Wolves,0,0.01,0,0.02,0,0.01,0,0.02,1,0.03
G,495,Matthews,4.0,4.0,Crystal Palace,0,0.00,0,0.00,0,0.00,0,0.00,0,0.00
F,496,Plange,4.5,4.5,Crystal Palace,3,0.22,3,0.18,4,0.30,4,0.28,6,0.41
G,497,Adrián,4.0,4.0,Liverpool,0,0.00,0,0.00,0,0.00,0,0.02,0,0.02
D,498,R.Williams,4.0,4.0,Liverpool,0,0.00,0,0.00,0,0.00,0,0.00,0,0.00
D,499,Davies,4.0,4.0,Liverpool,0,0.00,0,0.00,0,0.00,0,0.00,0,0.00
D,500,Van den Berg,4.0,4.0,Liverpool,5,0.18,4,0.19,3,0.14,2,0.07,1,0.03
D,501,Phillips,4.0,4.0,Liverpool,15,0.62,12,0.67,9,0.45,7,0.32,1,0.04
G,502,Carson,4.0,4.0,Man City,1,0.02,1,0.04,1,0.07,1,0.05,1,0.07
M,503,Moutinho,4.9,4.9,Wolves,39,1.17,76,2.55,74,2.52,73,2.70,73,1.93
D,504,Malacia,4.4,4.4,Man Utd,63,1.30,55,2.12,46,1.58,50,1.64,46,1.77
M,505,Rothwell,5.0,5.0,Bournemouth,0,0.00,0,0.00,0,0.00,1,0.03,8,0.34
M,506,Adams,5.0,5.0,Leeds,79,2.03,76,2.05,73,2.23,71,1.98,72,2.26
D,507,Niakhaté,4.5,4.5,Nott'm Forest,24,0.72,66,1.43,69,1.00,68,2.88,65,1.62
M,508,Sinisterra,6.5,6.5,Leeds,28,1.19,51,2.08,63,2.97,63,2.62,63,3.18
M,509,Downes,4.5,4.5,West Ham,9,0.36,10,0.40,11,0.44,13,0.48,14,0.57
D,510,Hickey,5.0,5.0,Brentford,74,2.52,74,3.16,70,2.29,70,2.70,68,2.21
D,511,Richards,4.5,4.5,Nott'm Forest,0,0.00,0,0.00,0,0.00,0,0.00,0,0.00
M,512,Aribo,5.5,5.5,Southampton,46,2.05,48,2.18,45,1.79,44,1.96,47,2.41
D,513,Lenglet,4.9,4.9,Spurs,23,1.09,30,1.42,40,1.43,50,2.35,39,0.76
M,514,C.Doucouré,5.0,5.0,Crystal Palace,77,2.31,72,1.71,69,2.14,68,1.90,67,1.94
M,515,Lewis-Potter,5.4,5.4,Brentford,10,0.48,12,0.65,10,0.46,13,0.72,13,0.66
D,516,Collins,4.5,4.5,Wolves,82,1.63,78,2.86,77,3.18,73,3.06,72,1.13
G,517,Strakosha,4.5,4.5,Brentford,1,0.02,1,0.06,3,0.10,2,0.08,4,0.15
G,518,Hennessey,4.0,4.0,Nott'm Forest,1,0.04,3,0.10,3,0.12,4,0.16,4,0.15
M,519,Eriksen,6.4,6.4,Man Utd,66,2.39,56,2.63,50,2.17,47,1.98,47,2.05
D,520,Koulibaly,5.6,5.6,Chelsea,85,3.75,80,4.01,78,3.62,78,3.77,77,3.67
M,521,Francois,4.5,4.5,Fulham,12,0.57,11,0.47,14,0.63,14,0.58,16,0.65
D,522,Spence,4.4,4.4,Spurs,1,0.07,3,0.14,5,0.23,6,0.29,7,0.19
D,523,Toffolo,4.5,4.5,Nott'm Forest,74,2.41,70,1.73,66,0.99,63,3.00,62,1.81
M,524,O'Brien,5.0,5.0,Nott'm Forest,46,1.55,37,1.22,25,0.80,25,1.02,29,1.04
D,525,Augustinsson,4.5,4.5,Aston Villa,0,0.01,0,0.01,0,0.01,1,0.02,1,0.03
D,526,Mee,4.6,4.6,Brentford,83,3.00,80,3.71,78,2.68,76,3.23,74,2.55
M,527,Lingard,6.0,6.0,Nott'm Forest,72,2.94,53,2.08,48,1.56,47,2.42,49,2.13
F,528,Mara,5.5,5.5,Southampton,19,0.98,17,0.91,21,0.95,22,1.11,20,1.16
F,529,Scamacca,7.0,7.0,West Ham,24,1.44,27,1.51,32,1.70,32,1.45,32,1.93
D,530,Richards,4.5,4.5,Crystal Palace,9,0.30,17,0.34,25,1.08,27,0.89,26,0.91
D,531,Vinagre,4.5,4.5,Everton,9,0.38,12,0.40,13,0.43,13,0.31,13,0.33
D,532,Mbabu,4.5,4.5,Fulham,27,1.10,42,0.88,52,1.92,65,1.24,65,1.60
D,533,Martínez,4.4,4.4,Man Utd,75,1.54,61,2.35,58,1.99,61,2.02,57,2.20
M,534,McNeil,5.5,5.5,Everton,64,3.15,65,2.62,65,2.65,62,2.16,57,2.00
M,535,Tavernier,5.0,5.0,Bournemouth,69,2.27,57,1.57,54,2.07,55,2.05,54,1.96
M,536,Mangala,5.0,5.0,Nott'm Forest,57,1.95,51,1.67,38,1.19,39,1.59,38,1.40
D,537,Kesler Hayden,4.0,4.0,Aston Villa,0,0.00,0,0.00,0,0.00,0,0.00,0,0.00
D,538,Young,4.5,4.5,Aston Villa,7,0.25,8,0.32,10,0.31,13,0.34,15,0.54
D,539,Hill,4.5,4.5,Bournemouth,16,0.36,17,0.33,16,0.58,17,0.57,19,0.65
D,540,Stevens,4.0,4.0,Brentford,4,0.12,3,0.09,3,0.10,3,0.08,2,0.05
F,541,Dervişoğlu,4.5,4.5,Brentford,1,0.04,2,0.10,1,0.06,2,0.11,2,0.12
G,542,Scherpen,4.0,4.0,Brighton,0,0.00,0,0.00,0,0.00,0,0.00,0,0.00
D,543,Clarke,4.0,4.0,Brighton,1,0.03,2,0.08,2,0.10,2,0.10,4,0.19
D,544,Van Hecke,4.0,4.0,Brighton,8,0.26,10,0.42,13,0.46,13,0.48,13,0.56
D,545,Emerson,4.0,4.0,Chelsea,2,0.08,4,0.16,4,0.17,4,0.17,4,0.15
M,546,Harris,4.5,4.5,Fulham,0,0.02,1,0.03,1,0.04,1,0.06,2,0.09
D,547,Drameh,4.0,4.0,Leeds,12,0.30,12,0.38,11,0.45,12,0.38,7,0.31
G,548,Iversen,4.0,4.0,Leicester,5,0.19,5,0.17,8,0.31,9,0.34,9,0.37
M,549,Praet,5.0,5.0,Leicester,9,0.50,10,0.42,12,0.59,11,0.53,12,0.62
M,550,Amad,4.5,4.5,Man Utd,2,0.13,3,0.22,5,0.29,4,0.25,5,0.30
M,551,Iqbal,4.5,4.5,Man Utd,0,0.01,0,0.00,0,0.01,0,0.01,0,0.00
M,552,Anderson,4.5,4.5,Newcastle,11,0.43,12,0.50,12,0.46,14,0.66,14,0.59
M,553,Hammond,4.5,4.5,Nott'm Forest,0,0.00,0,0.00,0,0.00,0,0.00,0,0.00
M,554,Bryan,5.0,5.0,Spurs,1,0.14,2,0.20,4,0.29,4,0.37,5,0.32
D,555,Ashby,4.0,4.0,West Ham,7,0.27,3,0.13,5,0.18,5,0.15,7,0.28
M,556,Coventry,4.5,4.5,West Ham,1,0.04,2,0.07,3,0.11,4,0.15,3,0.14
G,557,Smith,4.0,4.0,Wolves,0,0.00,0,0.00,0,0.01,0,0.00,0,0.00
D,558,Bueno,4.0,4.0,Wolves,4,0.12,5,0.19,5,0.22,6,0.24,6,0.15
D,559,Colwill,4.5,4.5,Brighton,7,0.23,10,0.38,10,0.36,12,0.47,14,0.58
M,560,Mills,4.5,4.5,Everton,4,0.18,4,0.18,4,0.18,5,0.21,5,0.22
M,561,Warrington,4.5,4.5,Everton,3,0.15,5,0.21,5,0.24,5,0.23,5,0.21
M,562,Solomon,5.0,5.0,Fulham,0,0.00,0,0.00,0,0.00,0,0.00,0,0.00
D,563,Chambers,4.0,4.0,Liverpool,0,0.01,1,0.03,1,0.04,0,0.02,1,0.03
M,564,Bajcetic,4.5,4.5,Liverpool,0,0.01,1,0.04,1,0.04,0,0.02,0,0.01
M,565,Gray,4.5,4.5,Leeds,0,0.01,0,0.01,0,0.02,0,0.02,0,0.01
M,566,Hodge,4.5,4.5,Wolves,3,0.11,3,0.12,3,0.11,3,0.13,3,0.13
M,567,Ronan,4.5,4.5,Wolves,8,0.33,5,0.22,3,0.14,4,0.18,4,0.18
M,568,Campbell,4.5,4.5,Wolves,5,0.22,3,0.13,3,0.12,4,0.16,3,0.10
M,569,Garnacho,4.5,4.5,Man Utd,3,0.16,4,0.24,6,0.33,5,0.25,7,0.33
M,570,Garner,4.5,4.5,Man Utd,4,0.15,1,0.04,1,0.05,1,0.07,2,0.10
G,571,Randolph,4.0,4.0,West Ham,0,0.00,0,0.00,0,0.01,0,0.00,0,0.01
M,572,Oko-Flex,4.5,4.5,West Ham,6,0.27,8,0.35,9,0.39,9,0.37,11,0.50
D,573,Lewis,4.0,4.0,Man City,2,0.08,3,0.16,3,0.19,4,0.20,4,0.19
G,574,Neto,4.5,4.5,Bournemouth,33,1.18,39,1.38,46,1.92,46,1.84,47,1.90
M,575,Cornet,6.0,6.0,West Ham,30,1.53,40,1.85,48,2.06,48,1.82,48,2.34
D,576,Senesi,4.5,4.5,Bournemouth,59,1.19,80,1.24,79,2.78,78,2.58,78,2.54
M,577,Onana,5.0,5.0,Everton,34,1.55,42,1.54,39,1.45,37,1.22,33,1.06
G,578,Robles,4.0,4.0,Leeds,0,0.01,0,0.01,0,0.00,0,0.01,0,0.02
M,579,Guedes,6.0,6.0,Wolves,68,2.72,68,3.59,67,3.37,65,3.77,66,2.33
M,580,Damsgaard,5.5,5.5,Brentford,11,0.67,16,0.94,25,1.26,27,1.57,25,1.38
G,581,Smithies,4.0,4.0,Leicester,0,0.00,0,0.00,0,0.01,0,0.01,1,0.04
M,582,Freuler,5.0,5.0,Nott'm Forest,38,1.32,38,1.27,62,1.62,62,2.22,60,1.88
M,583,Kouyaté,4.5,4.5,Nott'm Forest,33,1.09,29,0.94,50,1.30,49,1.70,47,1.45
M,584,Clark,4.5,4.5,Liverpool,6,0.30,10,0.60,8,0.47,6,0.32,5,0.27
F,585,Dennis,6.0,6.0,Nott'm Forest,22,1.00,24,1.02,39,1.29,42,1.99,41,1.72
D,586,Estupiñán,4.5,4.5,Brighton,11,0.38,57,2.63,68,2.75,69,3.00,65,3.12
D,587,Sergio Gómez,4.5,4.5,Man City,7,0.27,10,0.48,8,0.44,9,0.40,10,0.42
D,588,Kehrer,4.5,4.5,West Ham,22,0.86,29,0.95,27,0.80,29,0.64,28,1.12
M,589,Matheus N.,5.0,5.0,Wolves,15,0.56,29,1.12,37,1.37,37,1.44,33,1.05
D,10020,Abdul-Rahman Baba,99.9,99.9,Chelsea,0,0.00,0,0.01,0,0.02,0,0.01,0,0.02
F,10033,Florin Andone,99.9,99.9,Brighton,0,0.03,1,0.06,1,0.07,2,0.12,2,0.10
F,10052,Joel Valencia,99.9,99.9,Brentford,0,0.01,0,0.01,0,0.01,0,0.02,0,0.01
D,10054,Luka Racic,99.9,99.9,Brentford,0,0.01,0,0.02,0,0.02,1,0.03,1,0.02
M,10088,Bruno Jordão,99.9,99.9,Wolves,0,0.01,0,0.01,0,0.01,0,0.01,1,0.03
F,10094,Patrick Cutrone,99.9,99.9,Wolves,2,0.13,1,0.12,2,0.18,2,0.19,2,0.16
G,10104,Mark Gillespie,99.9,99.9,Newcastle,0,0.00,0,0.00,0,0.00,0,0.00,0,0.00
F,10132,Tahith Chong,99.9,99.9,Man Utd,0,0.02,0,0.03,1,0.06,1,0.06,1,0.06
G,10133,Marcus Bettinelli,99.9,99.9,Chelsea,0,0.00,0,0.00,0,0.00,0,0.00,0,0.00
G,10150,Andy Lonergan,99.9,99.9,Everton,0,0.00,0,0.00,0,0.00,0,0.00,0,0.00
M,10200,Hannibal Mejbri,99.9,99.9,Man Utd,1,0.04,1,0.04,1,0.06,1,0.07,1,0.09
D,10201,Teden Mengi,99.9,99.9,Man Utd,0,0.00,0,0.00,0,0.01,0,0.00,0,0.00
F,10202,Shola Shoretire,99.9,99.9,Man Utd,0,0.04,1,0.06,1,0.06,1,0.09,1,0.08
F,10228,Marlos Moreno,99.9,99.9,Man City,0,0.02,1,0.04,1,0.07,2,0.09,2,0.11
M,10229,Ante Palaversa,99.9,99.9,Man City,1,0.04,2,0.09,3,0.14,3,0.14,4,0.17
F,10232,Léo Bonatini,99.9,99.9,Wolves,2,0.08,1,0.07,3,0.15,2,0.15,2,0.12
M,10233,Mateusz Bogusz,99.9,99.9,Leeds,0,0.02,1,0.04,1,0.04,1,0.03,0,0.03
D,10241,Benjamin Mendy,99.9,99.9,Man City,0,0.00,0,0.00,0,0.00,0,0.00,0,0.00
M,10242,Tanguy Ndombélé,99.9,99.9,Spurs,1,0.09,2,0.14,2,0.12,2,0.13,1,0.07
D,10246,Héctor Bellerín,99.9,99.9,Arsenal,1,0.03,1,0.04,1,0.05,1,0.04,2,0.10
M,10249,Matty Longstaff,99.9,99.9,Newcastle,4,0.16,4,0.18,4,0.16,5,0.22,5,0.24
F,10252,Evan Ferguson,99.9,99.9,Brighton,1,0.03,1,0.08,2,0.10,1,0.09,2,0.12
F,10258,Michy Batshuayi,99.9,99.9,Chelsea,13,0.89,10,0.70,7,0.51,5,0.40,4,0.28
D,10260,Axel Tuanzebe,99.9,99.9,Man Utd,0,0.00,0,0.01,0,0.01,0,0.01,0,0.01
F,10263,Mason Greenwood,99.9,99.9,Man Utd,0,0.00,0,0.00,0,0.00,0,0.00,0,0.00
G,10264,Jed Steer,99.9,99.9,Aston Villa,0,0.00,0,0.00,0,0.00,0,0.00,0,0.00
F,10271,Ian Poveda,99.9,99.9,Leeds,0,0.01,1,0.07,1,0.06,1,0.05,1,0.09
G,10275,Jordan Smith,99.9,99.9,Nott'm Forest,0,0.00,0,0.00,0,0.00,0,0.00,0,0.00
G,10296,Nathan Trott,99.9,99.9,West Ham,0,0.00,0,0.00,0,0.00,0,0.00,0,0.00
D,10311,Kell Watts,99.9,99.9,Newcastle,0,0.00,0,0.01,0,0.01,0,0.02,0,0.01
F,10315,Thomas Agyepong,99.9,99.9,Man City,2,0.10,2,0.15,3,0.22,4,0.23,3,0.18
M,10325,Matheus Nunes,99.9,99.9,Wolves,0,0.01,0,0.00,0,0.01,1,0.03,0,0.01
D,10326,Zanka,99.9,99.9,Brentford,8,0.23,10,0.35,13,0.40,11,0.37,12,0.34
M,10327,Cesare Casadei,99.9,99.9,Chelsea,0,0.01,0,0.01,0,0.00,0,0.03,0,0.01
M,10328,Casemiro,99.9,99.9,Man Utd,0,0.00,64,2.02,77,2.28,75,2.18,73,2.21