ID,Name,Pos,Team,Price,38_fix,38_xmins,38_pts,38_g,38_a,38_cs,38_bon,38_dmins,38_likelihood
1,Cédric,2,FUL,42,(A): MUN,20.66,0.568,0.005,0.023,0.016,0.014,20.66,1
2,Leno,1,FUL,46,(A): MUN,86.15,3.033,0,0.001,0.087,0.255,86.15,1
3,Xhaka,3,ARS,48,(H): WOL,78.93,3.403,0.15,0.164,0.343,0.254,78.93,1
4,Elneny,3,ARS,41,(H): WOL,0,0,0,0,0,0,0,1
5,Holding,2,ARS,42,(H): WOL,18.21,0.816,0.016,0.006,0.061,0.064,18.21,1
6,Partey,3,ARS,47,(H): WOL,47.94,1.885,0.061,0.063,0.195,0.1,47.94,1
7,Ødegaard,3,ARS,69,(H): WOL,81.02,5.13,0.299,0.341,0.351,0.545,81.02,1
8,Tierney,2,ARS,46,(H): WOL,74.02,3.751,0.038,0.151,0.329,0.327,74.02,1
9,Pépé,3,ARS,53,,0,0,0,0,0,0,,
10,White,2,ARS,50,(H): WOL,85.78,3.739,0.033,0.084,0.367,0.321,85.78,1
11,Nketiah,4,ARS,63,(H): WOL,29.15,2.004,0.189,0.08,0,0.254,29.15,1
12,Smith Rowe,3,ARS,56,(H): WOL,16.84,1.228,0.055,0.062,0.027,0.103,16.84,1
13,Saka,3,ARS,80,(H): WOL,75.18,5.843,0.479,0.324,0.328,0.632,75.18,1
14,Tomiyasu,2,ARS,42,(H): WOL,0,0,0,0,0,0,0,1
15,Ramsdale,1,ARS,48,(H): WOL,87.43,3.78,0,0.002,0.369,0.236,87.43,1
16,Gabriel,2,ARS,52,(H): WOL,85.85,4.117,0.107,0.056,0.364,0.347,85.85,1
17,Tavares,2,ARS,45,,0,0,0,0,0,0,,
18,Sambi,3,CRY,43,(H): NFO,38.78,1.592,0.036,0.039,0.124,0.086,38.78,1
19,Martinelli,3,ARS,65,(H): WOL,0,0,0,0,0,0,0,1
20,Pablo Marí,2,ARS,45,,0,0,0,0,0,0,,
21,Maitland-Niles,3,SOU,48,(H): LIV,51.2,1.419,0.013,0.038,0.039,0.049,51.2,1
22,Torreira,3,ARS,45,,0,0,0,0,0,0,,
23,Nelson,3,ARS,47,(H): WOL,9.49,0.682,0.031,0.034,0.004,0.051,9.49,1
24,Turner,1,ARS,38,(H): WOL,2.39,0.105,0,0,0.01,0.007,2.39,1
25,Fábio Vieira,3,ARS,56,(H): WOL,20.4,1.361,0.064,0.065,0.04,0.107,20.4,1
26,Saliba,2,ARS,49,(H): WOL,0,0,0,0,0,0,0,1
27,Marquinhos,3,ARS,46,,0,0,0,0,0,0,,
28,Jesus,4,ARS,81,(H): WOL,76.6,5.425,0.523,0.306,0,0.774,76.6,1
29,Coutinho,3,AVL,66,(H): BHA,0,0,0,0,0,0,0,1
30,Ings,4,WHU,63,(A): LEI,58.18,3.179,0.242,0.105,0,0.407,58.18,1
31,Martínez,1,AVL,50,(H): BHA,87.98,3.4,0,0.004,0.211,0.327,87.98,1
32,Chambers,2,AVL,42,(H): BHA,16.58,0.586,0.013,0.013,0.031,0.036,16.58,1
33,Digne,2,AVL,45,(H): BHA,60.22,2.684,0.036,0.15,0.175,0.156,60.22,1
34,Traoré,3,AVL,49,(H): BHA,17.69,1.212,0.061,0.043,0.02,0.095,17.69,1
35,Olsen,1,AVL,39,(H): BHA,1.77,0.068,0,0,0.004,0.005,1.77,1
36,Sanson,3,AVL,43,,0,0,0,0,0,0,,
37,McGinn,3,AVL,51,(H): BHA,70.85,2.908,0.117,0.157,0.178,0.179,70.85,1
38,Hause,2,AVL,44,,0,0,0,0,0,0,,
39,Mings,2,AVL,47,(H): BHA,73.32,2.308,0.039,0.039,0.177,0.159,73.32,1
40,Watkins,4,AVL,73,(H): BHA,79.95,5.175,0.532,0.187,0,0.838,79.95,1
41,Nakamba,3,AVL,43,,0,0,0,0,0,0,,
42,Buendía,3,AVL,57,(H): BHA,62.7,3.844,0.24,0.196,0.185,0.332,62.7,1
43,Cash,2,AVL,46,(H): BHA,51.07,1.862,0.035,0.065,0.123,0.116,51.07,1
44,Konsa,2,AVL,44,(H): BHA,69.14,2.147,0.033,0.024,0.166,0.142,69.14,1
45,Bailey,3,AVL,43,(H): BHA,56.76,3.443,0.209,0.177,0.161,0.25,56.76,1
46,Douglas Luiz,3,AVL,48,(H): BHA,68.39,2.532,0.077,0.124,0.171,0.182,68.39,1
47,Ramsey,3,AVL,51,(H): BHA,62.32,3.198,0.17,0.143,0.162,0.289,62.32,1
48,Chukwuemeka,3,CHE,42,(H): NEW,7.95,0.44,0.009,0.009,0.004,0.014,7.95,1
49,Iroegbunam,3,AVL,45,,0,0,0,0,0,0,,
50,Diego Carlos,2,AVL,47,(H): BHA,41.17,1.405,0.034,0.018,0.098,0.081,41.17,1
51,El Ghazi,3,AVL,48,,0,0,0,0,0,0,,
52,Davis,4,AVL,54,,0,0,0,0,0,0,,
53,Kamara,3,AVL,48,(H): BHA,63.31,1.972,0.031,0.051,0.166,0.083,63.31,1
54,Archer,4,AVL,42,,0,0,0,0,0,0,,
55,Philogene-Bidace,3,AVL,45,,0,0,0,0,0,0,,
56,Guilbert,2,AVL,39,,0,0,0,0,0,0,,
57,Smith,2,BOU,43,(A): EVE,71.92,1.586,0.014,0.044,0.103,0.039,71.92,1
58,Stanislas,3,BOU,48,(A): EVE,0,0,0,0,0,0,0,1
59,Fredericks,2,BOU,44,(A): EVE,0,0,0,0,0,0,0,1
60,Brooks,3,BOU,53,(A): EVE,13.07,0.701,0.022,0.023,0.003,0.03,13.07,1
61,Lowe,3,BOU,52,,0,0,0,0,0,0,,
62,Moore,4,BOU,49,(A): EVE,10.97,0.564,0.029,0.013,0,0.04,10.97,1
63,Marcondes,3,BOU,47,,0,0,0,0,0,0,,
64,Lerma,3,BOU,47,(A): EVE,77.09,2.181,0.053,0.057,0.107,0.1,77.09,1
65,Stacey,2,BOU,42,(A): EVE,18.53,0.543,0.005,0.014,0.017,0.016,18.53,1
66,Solanke,4,BOU,55,(A): EVE,82.06,3.721,0.32,0.115,0,0.379,82.06,1
67,Cook,3,BOU,49,(A): EVE,30.51,1.04,0.009,0.022,0.034,0.04,30.51,1
68,Pearson,3,BOU,44,,0,0,0,0,0,0,,
69,Christie,3,BOU,53,(A): EVE,62.15,2.447,0.087,0.09,0.106,0.094,62.15,1
70,Billing,3,BOU,50,(A): EVE,59.17,2.218,0.096,0.066,0.095,0.11,59.17,1
71,Mepham,2,BOU,43,(A): EVE,39.41,0.806,0.011,0.008,0.05,0.025,39.41,1
72,Travers,1,BOU,41,(A): EVE,1.39,0.048,0,0,0.002,0.003,1.39,1
73,Kelly,2,BOU,43,(A): EVE,82.15,1.648,0.016,0.022,0.11,0.059,82.15,1
74,Dembélé,3,BOU,47,,0,0,0,0,0,0,,
75,Anthony,3,BOU,52,(A): EVE,51.99,2.134,0.058,0.096,0.082,0.093,51.99,1
76,Zemura,2,BOU,42,(A): EVE,1.82,0.053,0,0.001,0,0.001,1.82,1
77,Dennis,1,BOU,39,,0,0,0,0,0,0,,
78,Jansson,2,BRE,42,(H): MCI,0,0,0,0,0,0,0,1
79,Nørgaard,3,BRE,53,(H): MCI,0,0,0,0,0,0,0,1
80,Toney,4,BRE,71,(H): MCI,0,0,0,0,0,0,0,1
81,Raya,1,BRE,48,(H): MCI,85.09,3.07,0.001,0.004,0.121,0.261,85.09,1
82,Canós,2,BRE,50,,0,0,0,0,0,0,,
83,Dasilva,3,BRE,41,(H): MCI,38.21,1.742,0.055,0.061,0.055,0.101,38.21,1
84,Ajer,2,BRE,45,(H): MCI,38.93,1.056,0.016,0.025,0.056,0.038,38.93,1
85,Henry,2,BRE,44,(H): MCI,69.02,1.706,0.018,0.055,0.105,0.056,69.02,1
86,Janelt,3,BRE,55,(H): MCI,62.06,2.133,0.05,0.058,0.108,0.104,62.06,1
87,Ghoddos,3,BRE,48,(H): MCI,17.37,0.883,0.027,0.029,0.011,0.04,17.37,1
88,Jensen,3,BRE,48,(H): MCI,69.65,2.629,0.065,0.128,0.131,0.144,69.65,1
89,Wissa,3,BRE,53,(H): MCI,62.96,3.296,0.2,0.111,0.118,0.267,62.96,1
90,Roerslev,2,BRE,43,(H): MCI,24.5,0.686,0.005,0.016,0.03,0.027,24.5,1
91,Bech,2,BRE,45,,0,0,0,0,0,0,,
92,Pinnock,2,BRE,44,(H): MCI,78.78,1.893,0.033,0.028,0.114,0.092,78.78,1
93,Onyeka,3,BRE,48,(H): MCI,49.82,1.889,0.059,0.044,0.084,0.081,49.82,1
94,Baptiste,3,BRE,45,(H): MCI,28.61,1.231,0.03,0.028,0.034,0.052,28.61,1
95,Mbeumo,4,BRE,57,(H): MCI,75.8,3.723,0.264,0.168,0,0.483,75.8,1
96,Goode,2,BRE,39,,0,0,0,0,0,0,,
97,Forss,4,BRE,45,,0,0,0,0,0,0,,
98,Thompson,2,BRE,40,,0,0,0,0,0,0,,
99,Bidstrup,3,BRE,45,,0,0,0,0,0,0,,
100,Balcombe,1,BRE,40,,0,0,0,0,0,0,,
101,Lallana,3,BHA,48,(A): AVL,0,0,0,0,0,0,0,1
102,Steele,1,BHA,39,(A): AVL,87.2,3.195,0,0.006,0.143,0.289,87.2,1
103,Welbeck,4,BHA,65,(A): AVL,34.01,1.879,0.111,0.063,0,0.179,34.01,1
104,Groß,3,BHA,54,(A): AVL,69.86,3.024,0.114,0.199,0.121,0.238,69.86,1
105,Duffy,2,FUL,42,(A): MUN,17.51,0.408,0.013,0.005,0.015,0.012,17.51,1
106,Dunk,2,BHA,48,(A): AVL,79.45,2.086,0.056,0.031,0.132,0.1,79.45,1
107,March,3,BHA,52,(A): AVL,16.61,0.772,0.031,0.036,0.026,0.052,16.61,1
108,Webster,2,BHA,45,(A): AVL,34.81,1.032,0.019,0.012,0.056,0.042,34.81,1
109,Veltman,2,BHA,46,(A): AVL,47.92,1.388,0.016,0.029,0.081,0.053,47.92,1
110,Maupay,4,EVE,56,(H): BOU,58.25,4.217,0.442,0.16,0,0.529,58.25,1
111,Trossard,3,ARS,66,(H): WOL,59.42,4.18,0.255,0.267,0.254,0.425,59.42,1
112,Cucurella,2,CHE,49,(H): NEW,7.33,0.302,0.003,0.011,0.006,0.012,7.33,1
113,Sánchez,1,BHA,44,(A): AVL,0,0,0,0,0,0,0,1
114,Lamptey,2,BHA,42,(A): AVL,0,0,0,0,0,0,0,1
115,Alzate,3,BHA,44,,0,0,0,0,0,0,,
116,Mac Allister,3,BHA,55,(A): AVL,61.82,3.002,0.196,0.127,0.105,0.243,61.82,1
117,Moder,3,BHA,44,(A): AVL,0,0,0,0,0,0,0,1
118,Mwepu,3,BHA,53,,0,0,0,0,0,0,,
119,Sarmiento,3,BHA,45,(A): AVL,0,0,0,0,0,0,0,1
120,Caicedo,3,BHA,50,(A): AVL,67.03,1.833,0.031,0.045,0.113,0.079,67.03,1
121,Richards,3,BHA,45,,0,0,0,0,0,0,,
122,Roberts,2,BHA,40,,0,0,0,0,0,0,,
123,Undav,4,BHA,50,(A): AVL,38.36,2.01,0.12,0.073,0,0.191,38.36,1
124,Mitoma,3,BHA,56,(A): AVL,73.45,3.445,0.182,0.171,0.128,0.26,73.45,1
125,Enciso,4,BHA,46,(A): AVL,55.04,2.434,0.105,0.106,0,0.245,55.04,1
126,Kozłowski,3,BHA,45,,0,0,0,0,0,0,,
127,Azpilicueta,2,CHE,47,(H): NEW,38.26,1.24,0.017,0.04,0.068,0.041,38.26,1
128,Thiago Silva,2,CHE,54,(H): NEW,64.9,1.789,0.03,0.02,0.122,0.092,64.9,1
129,Alonso,2,CHE,53,,0,0,0,0,0,0,,
130,Jorginho,3,ARS,57,(H): WOL,64.86,2.488,0.074,0.085,0.287,0.128,64.86,1
131,Barkley,3,CHE,49,,0,0,0,0,0,0,,
132,Kovacic,3,CHE,49,(H): NEW,29.32,1.078,0.023,0.044,0.054,0.05,29.32,1
133,Arrizabalaga,1,CHE,45,(H): NEW,69.4,2.57,0,0.002,0.128,0.227,69.4,1
134,Kanté,3,CHE,48,(H): NEW,11.17,0.428,0.006,0.013,0.015,0.018,11.17,1
135,Ziyech,3,CHE,55,(H): NEW,24.54,1.556,0.063,0.085,0.032,0.123,24.54,1
136,Loftus-Cheek,3,CHE,50,(H): NEW,41.07,1.682,0.039,0.048,0.077,0.067,41.07,1
137,Werner,4,CHE,79,,0,0,0,0,0,0,,
138,Kenedy,2,CHE,39,,0,0,0,0,0,0,,
139,Chilwell,2,CHE,56,(H): NEW,12.23,0.474,0.009,0.022,0.019,0.024,12.23,1
140,Pulisic,3,CHE,56,(H): NEW,21.65,1.236,0.049,0.043,0.026,0.058,21.65,1
141,Chalobah,2,CHE,44,(H): NEW,47.74,1.343,0.026,0.027,0.087,0.064,47.74,1
142,Mount,3,CHE,72,(H): NEW,13.32,0.837,0.046,0.038,0.018,0.062,13.32,1
143,Sarr,2,CHE,50,,0,0,0,0,0,0,,
144,Hudson-Odoi,3,CHE,53,,0,0,0,0,0,0,,
145,Havertz,4,CHE,74,(H): NEW,50.6,2.954,0.251,0.119,0,0.354,50.6,1
146,James,2,CHE,58,(H): NEW,14.92,0.662,0.02,0.036,0.025,0.044,14.92,1
147,Mendy,1,CHE,48,(H): NEW,20.15,0.72,0,0,0.037,0.041,20.15,1
148,Gallagher,3,CHE,56,(H): NEW,52.9,2.272,0.096,0.088,0.108,0.123,52.9,1
149,Gilmour,3,BHA,42,(A): AVL,32.47,1.27,0.018,0.03,0.047,0.048,32.47,1
150,Broja,4,CHE,52,(H): NEW,0,0,0,0,0,0,0,1
151,Ampadu,2,CHE,44,,0,0,0,0,0,0,,
152,Guaita,1,CRY,44,(H): NFO,7.59,0.321,0,0,0.028,0.025,7.59,1
153,Tomkins,2,CRY,39,(H): NFO,0,0,0,0,0,0,0,1
154,McArthur,3,CRY,48,(H): NFO,26.03,1.372,0.058,0.054,0.069,0.107,26.03,1
155,Benteke,4,CRY,55,,0,0,0,0,0,0,,
156,Ward,2,CRY,44,(H): NFO,66.89,2.681,0.029,0.047,0.253,0.207,66.89,1
157,Clyne,2,CRY,45,(H): NFO,23.03,1.016,0.008,0.022,0.063,0.066,23.03,1
158,Milivojevic,3,CRY,42,(H): NFO,0,0,0,0,0,0,0,1
159,J.Ayew,3,CRY,52,(H): NFO,71.51,4.054,0.257,0.185,0.29,0.301,71.51,1
160,Zaha,3,CRY,72,(H): NFO,0,0,0,0,0,0,0,1
161,Schlupp,3,CRY,47,(H): NFO,2.1,0.135,0.007,0.005,0.003,0.009,2.1,1
162,Butland,1,MUN,44,(H): FUL,1.31,0.055,0,0,0.005,0.004,1.31,1
163,Hughes,3,CRY,48,(H): NFO,50.28,2.211,0.066,0.093,0.188,0.144,50.28,1
164,Riedewald,3,CRY,42,(H): NFO,15.34,0.671,0.015,0.017,0.027,0.029,15.34,1
165,Andersen,2,CRY,45,(H): NFO,81.44,3.476,0.066,0.055,0.314,0.26,81.44,1
166,Edouard,4,CRY,50,(H): NFO,54.54,3.55,0.3,0.152,0,0.472,54.54,1
167,Guéhi,2,CRY,45,(H): NFO,75.2,3.074,0.047,0.035,0.283,0.257,75.2,1
168,Mateta,4,CRY,51,(H): NFO,30.33,2.253,0.184,0.08,0,0.308,30.33,1
169,Eze,3,CRY,57,(H): NFO,74.3,5.147,0.352,0.27,0.303,0.648,74.3,1
170,Mitchell,2,CRY,44,(H): NFO,68.97,2.878,0.021,0.074,0.266,0.203,68.97,1
171,Olise,3,CRY,53,(H): NFO,74.98,4.568,0.222,0.322,0.306,0.458,74.98,1
172,Rak-Sakyi,3,CRY,45,,0,0,0,0,0,0,,
173,Ebiowei,3,CRY,42,,0,0,0,0,0,0,,
174,Ferguson,2,CRY,39,(H): NFO,0,0,0,0,0,0,0,1
175,Johnstone,1,CRY,44,(H): NFO,82.23,3.466,0,0.004,0.309,0.253,82.23,1
176,Begović,1,EVE,38,(H): BOU,1.15,0.05,0,0,0.005,0.004,1.15,1
177,Rondón,4,EVE,49,,0,0,0,0,0,0,,
178,Coleman,2,EVE,41,(H): BOU,0,0,0,0,0,0,0,1
179,Townsend,3,EVE,54,(H): BOU,0,0,0,0,0,0,0,1
180,Keane,2,EVE,42,(H): BOU,30.75,1.563,0.04,0.023,0.12,0.154,30.75,1
181,Dele,3,EVE,53,,0,0,0,0,0,0,,
182,Pickford,1,EVE,44,(H): BOU,88.85,3.871,0,0.007,0.37,0.274,88.85,1
183,Allan,3,EVE,48,,0,0,0,0,0,0,,
184,André Gomes,3,EVE,45,,0,0,0,0,0,0,,
185,A.Doucouré,3,EVE,53,(H): BOU,78.96,4.06,0.215,0.215,0.347,0.347,78.96,1
186,Iwobi,3,EVE,49,(H): BOU,84.22,4.146,0.159,0.277,0.357,0.336,84.22,1
187,Gbamin,3,EVE,45,,0,0,0,0,0,0,,
188,Mina,2,EVE,43,(H): BOU,80.65,4.15,0.13,0.052,0.348,0.406,80.65,1
189,Gray,3,EVE,51,(H): BOU,41.32,2.943,0.209,0.145,0.155,0.241,41.32,1
190,Davies,3,EVE,49,(H): BOU,2.96,0.183,0.005,0.004,0.004,0.007,2.96,1
191,Calvert-Lewin,4,EVE,79,(H): BOU,0,0,0,0,0,0,0,1
192,Holgate,2,EVE,42,(H): BOU,54.72,2.51,0.04,0.049,0.227,0.177,54.72,1
193,Godfrey,2,EVE,43,(H): BOU,0,0,0,0,0,0,0,1
194,Mykolenko,2,EVE,41,(H): BOU,55.51,2.573,0.026,0.075,0.234,0.207,55.51,1
195,Gordon,3,NEW,51,(A): CHE,32.92,1.895,0.091,0.084,0.067,0.104,32.92,1
196,Branthwaite,2,EVE,40,,0,0,0,0,0,0,,
197,Patterson,2,EVE,39,(H): BOU,0,0,0,0,0,0,0,1
198,Nkounkou,2,EVE,40,,0,0,0,0,0,0,,
199,Tarkowski,2,EVE,41,(H): BOU,86.95,4.108,0.102,0.062,0.364,0.388,86.95,1
200,Cairney,3,FUL,47,(A): MUN,51.08,2.127,0.057,0.087,0.065,0.124,51.08,1
201,Ream,2,FUL,45,(A): MUN,0,0,0,0,0,0,0,1
202,Knockaert,3,FUL,47,,0,0,0,0,0,0,,
203,Chalobah,3,FUL,44,,0,0,0,0,0,0,,
204,Kebano,3,FUL,54,(A): MUN,21.67,1.119,0.035,0.033,0.016,0.047,21.67,1
205,De Cordova-Reid,3,FUL,54,(A): MUN,33.68,1.477,0.053,0.041,0.031,0.047,33.68,1
206,Bryan,2,FUL,44,,0,0,0,0,0,0,,
207,Gazzaniga,1,FUL,40,,0,0,0,0,0,0,,
208,Kongolo,2,FUL,39,,0,0,0,0,0,0,,
209,Tosin,2,FUL,44,(A): MUN,82.85,1.564,0.032,0.018,0.085,0.053,82.85,1
210,Mitrović,4,FUL,66,(A): MUN,70.19,3.451,0.317,0.104,0,0.383,70.19,1
211,Reed,3,FUL,43,(A): MUN,72.66,2.135,0.027,0.059,0.095,0.088,72.66,1
212,Wilson,3,FUL,57,(A): MUN,61.21,2.816,0.128,0.116,0.085,0.192,61.21,1
213,Rodák,1,FUL,43,(A): MUN,3.85,0.135,0,0,0.004,0.009,3.85,1
214,Cavaleiro,3,FUL,48,,0,0,0,0,0,0,,
215,Tete,2,FUL,44,(A): MUN,72.33,1.455,0.016,0.06,0.08,0.049,72.33,1
216,Onomah,3,FUL,43,,0,0,0,0,0,0,,
217,Robinson,2,FUL,44,(A): MUN,80.95,1.5,0.009,0.064,0.087,0.051,80.95,1
218,Muniz,4,FUL,54,,0,0,0,0,0,0,,
219,Stansfield,4,FUL,45,,0,0,0,0,0,0,,
220,Palhinha,3,FUL,49,(A): MUN,84.06,2.317,0.084,0.039,0.089,0.086,84.06,1
221,Cooper,2,LEE,44,(H): TOT,24.94,0.75,0.013,0.008,0.038,0.027,24.94,1
222,Ayling,2,LEE,45,(H): TOT,78.71,2.34,0.049,0.097,0.144,0.105,78.71,1
223,Klich,3,LEE,46,,0,0,0,0,0,0,,
224,Forshaw,3,LEE,44,(H): TOT,41.02,1.545,0.029,0.041,0.073,0.05,41.02,1
225,Rodrigo,3,LEE,63,(H): TOT,51.98,3.416,0.248,0.158,0.116,0.322,71.98,1
226,Dallas,2,LEE,49,(H): TOT,0,0,0,0,0,0,0,1
227,Bamford,4,LEE,71,(H): TOT,28.34,1.861,0.174,0.055,0,0.203,28.34,1
228,Llorente,2,LEE,44,,0,0,0,0,0,0,,
229,Roberts,3,LEE,50,,0,0,0,0,0,0,,
230,Koch,2,LEE,45,(H): TOT,79.99,2.197,0.06,0.033,0.146,0.072,79.99,1
231,James,3,FUL,59,(A): MUN,5.8,0.323,0.01,0.008,0.001,0.013,5.8,1
232,Raphinha,3,LEE,70,,0,0,0,0,0,0,,
233,Harrison,3,LEE,57,(H): TOT,66.81,3.29,0.131,0.204,0.151,0.2,66.81,1
234,Shackleton,3,LEE,45,,0,0,0,0,0,0,,
235,Struijk,2,LEE,45,(H): TOT,47.12,1.456,0.032,0.028,0.084,0.063,47.12,1
236,Klaesson,1,LEE,38,(H): TOT,0,0,0,0,0,0,0,1
237,Greenwood,4,LEE,41,(H): TOT,38.69,2.013,0.1,0.105,0,0.182,38.69,1
238,Meslier,1,LEE,44,(H): TOT,4.68,0.168,0,0,0.008,0.01,4.68,1
239,Firpo,2,LEE,45,(H): TOT,26.1,0.858,0.015,0.03,0.038,0.023,26.1,1
240,Summerville,3,LEE,42,(H): TOT,40.86,2.184,0.113,0.083,0.069,0.146,40.86,1
241,Bate,3,LEE,45,,0,0,0,0,0,0,,
242,Gelhardt,4,LEE,51,,0,0,0,0,0,0,,
243,Hjelde,2,LEE,39,,0,0,0,0,0,0,,
244,Kristensen,2,LEE,47,(H): TOT,71.31,2.021,0.052,0.046,0.13,0.086,71.31,1
245,Roca,3,LEE,48,(H): TOT,32.2,1.441,0.039,0.063,0.046,0.064,32.2,1
246,Aaronson,3,LEE,53,(H): TOT,48.76,2.393,0.1,0.112,0.097,0.106,48.76,1
247,Gyabi,3,LEE,42,(H): TOT,0,0,0,0,0,0,0,1
248,Schmeichel,1,LEI,50,,0,0,0,0,0,0,,
249,Evans,2,LEI,44,(H): WHU,79.76,2.691,0.04,0.028,0.235,0.164,79.76,1
250,Bertrand,2,LEI,39,(H): WHU,0,0,0,0,0,0,0,1
251,Albrighton,3,LEI,47,,0,0,0,0,0,0,,
252,Mendy,3,LEI,42,(H): WHU,6.74,0.351,0.002,0.003,0.006,0.01,6.74,1
253,Vestergaard,2,LEI,38,(H): WHU,0,0,0,0,0,0,0,1
254,Ward,1,LEI,38,(H): WHU,0,0,0,0,0,0,0,1
255,Vardy,4,LEI,91,(H): WHU,54.29,3.658,0.341,0.135,0,0.48,54.29,1
256,Ricardo,2,LEI,42,(H): WHU,47.65,2.082,0.032,0.082,0.132,0.165,47.65,1
257,Amartey,2,LEI,39,(H): WHU,15.81,0.554,0.006,0.007,0.034,0.037,15.81,1
258,Castagne,2,LEI,43,(H): WHU,82.15,3.071,0.047,0.089,0.238,0.213,82.15,1
259,Tielemans,3,LEI,61,(H): WHU,78.26,3.302,0.141,0.149,0.243,0.238,78.26,1
260,Pérez,3,LEI,47,,0,0,0,0,0,0,,
261,Maddison,3,LEI,78,(H): WHU,78.91,4.817,0.273,0.347,0.233,0.53,78.91,1
262,Iheanacho,4,LEI,58,(H): WHU,54.31,3.514,0.261,0.156,0,0.557,74.31,1
263,Choudhury,3,LEI,45,,0,0,0,0,0,0,,
264,Barnes,3,LEI,66,(H): WHU,53.74,3.225,0.203,0.134,0.161,0.238,73.74,1
265,Ndidi,3,LEI,48,(H): WHU,23.06,0.871,0.017,0.016,0.053,0.037,23.06,1
266,Dewsbury-Hall,3,LEI,49,(H): WHU,21.6,1.073,0.024,0.049,0.032,0.049,21.6,1
267,Söyüncü,2,LEI,42,(H): WHU,0,0,0,0,0,0,0,1
268,Justin,2,LEI,41,(H): WHU,0,0,0,0,0,0,0,1
269,Soumaré,3,LEI,44,(H): WHU,68.08,2.127,0.026,0.05,0.222,0.084,68.08,1
270,Thomas,2,LEI,39,(H): WHU,24.73,0.931,0.007,0.024,0.058,0.056,24.73,1
271,Daka,4,LEI,56,(H): WHU,17.92,1.29,0.081,0.045,0,0.164,17.92,1
272,W.Fofana,2,CHE,43,(H): NEW,71.53,1.881,0.035,0.019,0.14,0.067,71.53,1
273,Brunt,2,LEI,39,(H): WHU,0,0,0,0,0,0,0,1
274,Milner,3,LIV,44,(A): SOU,31.73,1.718,0.071,0.076,0.082,0.118,31.73,1
275,Henderson,3,LIV,53,(A): SOU,55.55,2.471,0.074,0.113,0.206,0.133,55.55,1
276,Matip,2,LIV,59,(A): SOU,48.28,2.016,0.046,0.025,0.165,0.136,78.28,1
277,Thiago,3,LIV,51,(A): SOU,0,0,0,0,0,0,0,1
278,Chamberlain,3,LIV,49,(A): SOU,14.2,0.88,0.036,0.035,0.011,0.05,14.2,1
279,Firmino,4,LIV,80,(A): SOU,42.4,2.9,0.2,0.164,0,0.369,72.4,1
280,Van Dijk,2,LIV,66,(A): SOU,48.95,2.043,0.039,0.028,0.168,0.146,18.95,1
281,Alisson,1,LIV,55,(A): SOU,0,0,0,0,0,0,0,1
282,Fabinho,3,LIV,52,(A): SOU,63.69,2.287,0.076,0.064,0.232,0.09,63.69,1
283,Salah,3,LIV,131,(A): SOU,61.08,5.532,0.527,0.247,0.216,0.602,81.08,1
284,Robertson,2,LIV,68,(A): SOU,32.35,1.65,0.017,0.1,0.109,0.133,32.35,1
285,Alexander-Arnold,2,LIV,75,(A): SOU,62.68,3.685,0.081,0.258,0.223,0.382,75.68,1
286,Gomez,2,LIV,43,(A): SOU,51.08,1.867,0.009,0.031,0.174,0.12,51.08,1
287,Keita,3,LIV,47,(A): SOU,0,0,0,0,0,0,0,1
288,Diogo Jota,4,LIV,86,(A): SOU,45.99,3.322,0.278,0.165,0,0.44,65.99,1
289,Kelleher,1,LIV,39,(A): SOU,83.76,3.441,0.002,0.004,0.294,0.22,83.76,1
290,Konaté,2,LIV,49,(A): SOU,39.54,1.498,0.024,0.014,0.136,0.086,39.54,1
291,Jones,3,LIV,49,(A): SOU,55.29,2.492,0.092,0.092,0.204,0.143,55.29,1
292,Tsimikas,2,LIV,43,(A): SOU,44.95,2.424,0.025,0.131,0.155,0.185,44.95,1
293,Luis Díaz,3,LIV,78,(A): SOU,43.45,3.013,0.196,0.152,0.147,0.197,43.45,1
294,Elliott,3,LIV,48,(A): SOU,33.46,1.804,0.06,0.093,0.094,0.098,33.46,1
295,N.Williams,2,NFO,38,(A): CRY,0,0,0,0,0,0,0,1
296,Carvalho,3,LIV,51,(A): SOU,14.66,0.96,0.048,0.038,0.015,0.06,14.66,1
297,Darwin,4,LIV,86,(A): SOU,28.43,2.342,0.21,0.109,0,0.291,28.43,1
298,Ramsay,2,LIV,39,(A): SOU,0,0,0,0,0,0,0,1
299,Walker,2,MCI,47,(A): BRE,66.76,2.436,0.012,0.048,0.227,0.14,66.76,1
300,Gündogan,3,MCI,74,(A): BRE,59.6,3,0.158,0.115,0.203,0.266,29.6,1
301,De Bruyne,3,MCI,121,(A): BRE,26.29,1.754,0.066,0.131,0.063,0.185,26.29,1
302,Stones,2,MCI,56,(A): BRE,60.77,2.416,0.036,0.022,0.203,0.169,10.77,1
303,Mahrez,3,MCI,74,(A): BRE,62.12,3.937,0.224,0.208,0.229,0.422,75.12,1
304,Sterling,3,CHE,97,(H): NEW,28.25,1.654,0.094,0.073,0.054,0.108,28.25,1
305,Grealish,3,MCI,71,(A): BRE,16.35,0.954,0.038,0.05,0.031,0.079,0.35,1
306,Cancelo,2,MCI,71,,0,0,0,0,0,0,,
307,Ederson,1,MCI,54,(A): BRE,59.45,2.383,0,0.003,0.197,0.145,89.45,1
308,Aké,2,MCI,50,(A): BRE,32.6,1.373,0.023,0.02,0.106,0.101,72.6,1
309,Laporte,2,MCI,56,(A): BRE,51.15,1.981,0.034,0.026,0.168,0.14,74.15,1
310,Steffen,1,MCI,40,,0,0,0,0,0,0,,
311,Bernardo,3,MCI,67,(A): BRE,56.31,2.39,0.076,0.13,0.189,0.147,16.31,1
312,Dias,2,MCI,60,(A): BRE,18.59,0.724,0.011,0.009,0.054,0.046,0.59,1
313,Zinchenko,2,ARS,50,(H): WOL,0,0,0,0,0,0,0,1
314,Foden,3,MCI,80,(A): BRE,60.58,3.743,0.18,0.213,0.233,0.403,75.58,1
315,Rodri,3,MCI,56,(A): BRE,72.22,2.706,0.095,0.081,0.255,0.169,12.22,1
316,Palmer,3,MCI,42,(A): BRE,21.77,1.144,0.042,0.049,0.045,0.077,61.77,1
317,McAtee,3,MCI,45,,0,0,0,0,0,0,,
318,Haaland,4,MCI,123,(A): BRE,57.6,4.327,0.458,0.148,0,0.699,27.6,1
319,Álvarez,4,MCI,61,(A): BRE,64.48,3.656,0.254,0.181,0,0.577,78.48,1
320,Mbete,2,MCI,39,,0,0,0,0,0,0,,
321,Lavia,3,SOU,45,(H): LIV,72.38,1.85,0.026,0.031,0.06,0.062,72.38,1
322,Wilson-Esbrand,2,MCI,38,,0,0,0,0,0,0,,
323,Delap,4,MCI,44,,0,0,0,0,0,0,,
324,Ortega,1,MCI,37,(A): BRE,30.7,1.269,0,0.003,0.101,0.104,0.7,1
325,Phillips,3,MCI,48,(A): BRE,45.76,1.542,0.031,0.05,0.149,0.071,75.76,1
326,Ronaldo,4,MUN,102,,0,0,0,0,0,0,,
327,De Gea,1,MUN,51,(H): FUL,88.46,3.729,0,0.001,0.327,0.293,88.46,1
328,Jones,2,MUN,38,(H): FUL,0,0,0,0,0,0,0,1
329,Varane,2,MUN,48,(H): FUL,73.65,3.033,0.041,0.025,0.28,0.229,13.65,1
330,Maguire,2,MUN,47,(H): FUL,30.84,1.275,0.025,0.013,0.107,0.104,75.84,1
331,Fred,3,MUN,51,(H): FUL,24.82,1.176,0.029,0.042,0.054,0.069,69.82,1
332,Shaw,2,MUN,52,(H): FUL,30.97,1.438,0.012,0.068,0.111,0.13,30.97,1
333,Fernandes,3,MUN,95,(H): FUL,74.07,5.106,0.345,0.357,0.282,0.565,86.07,1
334,Telles,2,MUN,50,,0,0,0,0,0,0,,
335,Rashford,3,MUN,69,(H): FUL,73.9,5.798,0.493,0.244,0.29,0.656,83.9,1
336,Van de Beek,3,MUN,51,(H): FUL,0,0,0,0,0,0,0,1
337,Lindelöf,2,MUN,41,(H): FUL,66.14,2.543,0.019,0.023,0.243,0.218,76.14,1
338,McTominay,3,MUN,49,(H): FUL,29.76,1.247,0.046,0.036,0.091,0.052,19.76,1
339,Bailly,2,MUN,40,,0,0,0,0,0,0,,
340,Sancho,3,MUN,71,(H): FUL,53.9,3.362,0.165,0.18,0.217,0.303,73.9,1
341,Wan-Bissaka,2,MUN,43,(H): FUL,60.01,2.418,0.023,0.053,0.219,0.19,10.01,1
342,Dalot,2,MUN,48,(H): FUL,51.76,2.263,0.032,0.068,0.186,0.215,71.76,1
343,B.Williams,2,MUN,37,(H): FUL,5.33,0.213,0.003,0.005,0.006,0.014,5.33,1
344,Elanga,3,MUN,46,(H): FUL,3.58,0.321,0.012,0.009,0.008,0.016,3.58,1
345,Martial,4,MUN,63,(H): FUL,52.77,3.662,0.305,0.157,0,0.544,22.77,1
346,Andreas,3,FUL,43,(A): MUN,0,0,0,0,0,0,0,1
347,Pellistri,3,MUN,43,(H): FUL,13.26,0.865,0.036,0.038,0.008,0.062,13.26,1
348,Heaton,1,MUN,38,(H): FUL,0,0,0,0,0,0,0,1
349,Shelvey,3,NFO,48,(A): CRY,1.61,0.075,0.001,0.002,0.001,0.002,1.61,1
350,Ritchie,2,NEW,42,(A): CHE,0,0,0,0,0,0,0,1
351,Fernández,2,NEW,44,,0,0,0,0,0,0,,
352,Clark,2,NEW,45,,0,0,0,0,0,0,,
353,Darlow,1,NEW,39,,0,0,0,0,0,0,,
354,Wood,4,NFO,56,(A): CRY,0,0,0,0,0,0,0,1
355,Dubravka,1,NEW,41,(A): CHE,79.96,3.053,0,0.003,0.194,0.234,79.96,1
356,Wilson,4,NEW,73,(A): CHE,67.94,4.372,0.424,0.14,0,0.679,67.94,1
357,Trippier,2,NEW,59,(A): CHE,82.68,3.129,0.04,0.227,0.207,0.233,82.68,1
358,Burn,2,NEW,45,(A): CHE,74.95,2.49,0.054,0.052,0.189,0.127,74.95,1
359,Fraser,3,NEW,52,(A): CHE,15.6,0.878,0.024,0.04,0.013,0.047,15.6,1
360,Lascelles,2,NEW,43,(A): CHE,0,0,0,0,0,0,0,1
361,Gayle,4,NEW,45,,0,0,0,0,0,0,,
362,Dummett,2,NEW,39,(A): CHE,8.45,0.301,0.002,0.004,0.006,0.012,8.45,1
363,Manquillo,2,NEW,42,(A): CHE,0,0,0,0,0,0,0,1
364,Krafth,2,NEW,43,(A): CHE,0,0,0,0,0,0,0,1
365,Murphy,3,NEW,42,(A): CHE,43.27,2.165,0.076,0.092,0.106,0.151,43.27,1
366,Schär,2,NEW,51,(A): CHE,80.32,2.872,0.09,0.06,0.202,0.161,80.32,1
367,Targett,2,NEW,47,(A): CHE,30.22,1.149,0.007,0.049,0.063,0.062,30.22,1
368,Saint-Maximin,3,NEW,61,(A): CHE,53.12,2.98,0.126,0.166,0.147,0.262,53.12,1
369,Almirón,3,NEW,54,(A): CHE,64.99,2.919,0.127,0.113,0.184,0.196,64.99,1
370,S.Longstaff,3,NEW,43,(A): CHE,20.3,0.83,0.023,0.023,0.038,0.031,20.3,1
371,Joelinton,3,NEW,60,(A): CHE,0,0,0,0,0,0,0,1
372,Lewis,2,NEW,44,(A): CHE,2.78,0.097,0.001,0.003,0.001,0.004,2.78,1
373,Willock,3,NEW,47,(A): CHE,0,0,0,0,0,0,0,1
374,Bruno Guimarães,3,NEW,55,(A): CHE,81,2.911,0.098,0.138,0.207,0.145,81,1
375,Hendrick,3,NEW,45,,0,0,0,0,0,0,,
376,Pope,1,NEW,54,(A): CHE,0,0,0,0,0,0,0,1
377,Botman,2,NEW,45,(A): CHE,80.86,2.593,0.049,0.031,0.198,0.146,80.86,1
378,Arter,3,NFO,41,(A): CRY,0,0,0,0,0,0,0,1
379,Cook,2,NFO,43,(A): CRY,3.55,0.114,0.001,0.001,0.002,0.003,3.55,1
380,Lyle Taylor,4,NFO,41,(A): CRY,0,0,0,0,0,0,0,1
381,Colback,3,NFO,41,(A): CRY,2.03,0.08,0.001,0.001,0.001,0.002,2.03,1
382,Samba,1,NFO,45,,0,0,0,0,0,0,,
383,Cafú,3,NFO,42,(A): CRY,0,0,0,0,0,0,0,1
384,Lolley,3,NFO,49,,0,0,0,0,0,0,,
385,McKenna,2,NFO,44,(A): CRY,0,0,0,0,0,0,0,1
386,Dräger,2,NFO,40,,0,0,0,0,0,0,,
387,Yates,3,NFO,50,(A): CRY,64.11,2.189,0.078,0.057,0.108,0.08,64.11,1
388,Worrall,2,NFO,42,(A): CRY,63.08,1.423,0.021,0.013,0.095,0.055,63.08,1
389,Panzo,2,NFO,40,,0,0,0,0,0,0,,
390,Xande Silva,3,NFO,50,,0,0,0,0,0,0,,
391,Surridge,4,NFO,46,(A): CRY,4.78,0.33,0.01,0.006,0,0.015,4.78,1
392,Laryea,2,NFO,45,,0,0,0,0,0,0,,
393,Mbe Soh,2,NFO,42,,0,0,0,0,0,0,,
394,Johnson,4,NFO,55,(A): CRY,44.99,2.012,0.121,0.077,0,0.195,44.99,1
395,Mighten,3,NFO,49,,0,0,0,0,0,0,,
396,Ojeda,3,NFO,45,,0,0,0,0,0,0,,
397,Awoniyi,4,NFO,56,(A): CRY,71.3,3.562,0.272,0.105,0,0.464,71.3,1
398,Henderson,1,NFO,46,(A): CRY,0,0,0,0,0,0,0,1
399,Biancone,2,NFO,42,(A): CRY,0,0,0,0,0,0,0,1
400,Walcott,3,SOU,48,(H): LIV,52.87,2.418,0.121,0.078,0.051,0.086,52.87,1
401,McCarthy,1,SOU,43,(H): LIV,83.8,2.847,0,0.002,0.06,0.151,83.8,1
402,Romeu,3,SOU,48,,0,0,0,0,0,0,,
403,Redmond,3,SOU,53,,0,0,0,0,0,0,,
404,Stephens,2,BOU,43,(A): EVE,6.77,0.147,0.002,0.001,0.006,0.005,6.77,1
405,S.Armstrong,3,SOU,47,(H): LIV,41.35,1.87,0.074,0.068,0.035,0.077,41.35,1
406,Elyounoussi,3,SOU,51,(H): LIV,39.28,1.923,0.099,0.06,0.032,0.067,39.28,1
407,Ward-Prowse,3,SOU,61,(H): LIV,83.93,3.085,0.143,0.157,0.063,0.168,83.93,1
408,A.Armstrong,4,SOU,53,(H): LIV,20.88,1.183,0.064,0.031,0,0.072,20.88,1
409,Walker-Peters,2,SOU,44,(H): LIV,81.91,1.359,0.028,0.057,0.062,0.026,81.91,1
410,Bednarek,2,SOU,41,(H): LIV,82.65,1.37,0.037,0.02,0.064,0.035,82.65,1
411,Adams,4,SOU,60,(H): LIV,0,0,0,0,0,0,0,1
412,Tella,3,SOU,50,,0,0,0,0,0,0,,
413,Lyanco,2,SOU,44,(H): LIV,63.21,1.055,0.024,0.016,0.047,0.029,63.21,1
414,Valery,2,SOU,40,,0,0,0,0,0,0,,
415,Smallbone,3,SOU,45,,0,0,0,0,0,0,,
416,Diallo,3,SOU,41,(H): LIV,21.33,0.842,0.007,0.011,0.011,0.017,21.33,1
417,Perraud,2,SOU,40,(H): LIV,0,0,0,0,0,0,0,1
418,Djenepo,3,SOU,49,(H): LIV,19.59,0.985,0.03,0.028,0.009,0.034,19.59,1
419,Livramento,2,SOU,44,(H): LIV,18.8,0.419,0.007,0.014,0.01,0.009,18.8,1
420,Salisu,2,SOU,42,(H): LIV,0,0,0,0,0,0,0,1
421,Lis,1,SOU,40,,0,0,0,0,0,0,,
422,Bazunu,1,SOU,44,(H): LIV,5.84,0.197,0,0,0.004,0.009,5.84,1
423,Bella-Kotchap,2,SOU,45,(H): LIV,0,0,0,0,0,0,0,1
424,Caballero,1,SOU,38,(H): LIV,0,0,0,0,0,0,0,1
425,Lloris,1,TOT,54,(A): LEE,0,0,0,0,0,0,0,1
426,Forster,1,TOT,39,(A): LEE,85.7,3.072,0,0.002,0.171,0.159,85.7,1
427,Kane,4,TOT,115,(A): LEE,84.23,5.753,0.584,0.27,0,0.911,84.23,1
428,Son,3,TOT,115,(A): LEE,71.2,4.547,0.311,0.269,0.155,0.369,71.2,1
429,Doherty,2,TOT,46,,0,0,0,0,0,0,,
430,Dier,2,TOT,50,(A): LEE,0,0,0,0,0,0,0,1
431,Lucas Moura,3,TOT,58,(A): LEE,12.93,0.796,0.033,0.033,0.007,0.046,12.93,1
432,Davies,2,TOT,47,(A): LEE,73.41,2.227,0.033,0.07,0.155,0.111,73.41,1
433,Højbjerg,3,TOT,53,(A): LEE,61.26,2.013,0.057,0.066,0.127,0.114,61.26,1
434,Winks,3,TOT,44,,0,0,0,0,0,0,,
435,Sánchez,2,TOT,42,(A): LEE,66.46,1.954,0.044,0.018,0.138,0.086,66.46,1
436,R.Sessegnon,2,TOT,44,(A): LEE,0,0,0,0,0,0,0,1
437,Bergwijn,3,TOT,55,,0,0,0,0,0,0,,
438,Reguilón,2,TOT,42,,0,0,0,0,0,0,,
439,Tanganga,2,TOT,38,(A): LEE,20.65,0.654,0.008,0.007,0.03,0.02,20.65,1
440,Bentancur,3,TOT,53,(A): LEE,0,0,0,0,0,0,0,1
441,Skipp,3,TOT,43,(A): LEE,48.09,1.473,0.014,0.032,0.098,0.041,48.09,1
442,Rodon,2,TOT,40,,0,0,0,0,0,0,,
443,Romero,2,TOT,49,(A): LEE,0,0,0,0,0,0,0,1
444,Bissouma,3,TOT,47,(A): LEE,58.1,1.877,0.045,0.041,0.125,0.083,58.1,1
445,Emerson Royal,2,TOT,48,(A): LEE,75.57,2.401,0.044,0.081,0.165,0.139,75.57,1
446,Kulusevski,3,TOT,78,(A): LEE,44.44,2.302,0.089,0.14,0.089,0.122,44.44,1
447,Scarlett,4,TOT,45,,0,0,0,0,0,0,,
448,Perišić,2,TOT,53,(A): LEE,44.43,2.145,0.065,0.104,0.093,0.117,44.43,1
449,White,3,TOT,44,,0,0,0,0,0,0,,
450,Sarr,3,TOT,42,(A): LEE,12.66,0.616,0.018,0.014,0.004,0.023,12.66,1
451,Austin,1,TOT,39,(A): LEE,4.08,0.15,0,0,0.008,0.01,4.08,1
452,Devine,3,TOT,43,(A): LEE,0,0,0,0,0,0,0,1
453,Parrott,4,TOT,45,,0,0,0,0,0,0,,
454,Richarlison,4,TOT,84,(A): LEE,50.64,2.798,0.183,0.13,0,0.32,50.64,1
455,Fabianski,1,WHU,49,(A): LEI,86.02,3.125,0,0.001,0.151,0.244,86.02,1
456,Ogbonna,2,WHU,44,(A): LEI,30.58,0.852,0.011,0.006,0.053,0.032,30.58,1
457,Cresswell,2,WHU,47,(A): LEI,50.29,1.548,0.021,0.079,0.087,0.081,50.29,1
458,Antonio,4,WHU,69,(A): LEI,46.83,2.32,0.138,0.092,0,0.238,46.83,1
459,Dawson,2,WOL,48,(A): ARS,65.65,1.162,0.036,0.014,0.054,0.031,65.65,1
460,Lanzini,3,WHU,50,(A): LEI,7.88,0.435,0.012,0.015,0.001,0.02,7.88,1
461,Zouma,2,WHU,44,(A): LEI,80.57,2.217,0.042,0.02,0.155,0.099,80.57,1
462,Masuaku,2,WHU,45,,0,0,0,0,0,0,,
463,Coufal,2,WHU,40,(A): LEI,65.78,1.846,0.011,0.075,0.126,0.061,65.78,1
464,Benrahma,3,WHU,55,(A): LEI,31.29,1.837,0.094,0.07,0.047,0.125,31.29,1
465,Bowen,3,WHU,80,(A): LEI,75.07,3.511,0.194,0.168,0.141,0.228,75.07,1
466,Vlasic,3,WHU,50,,0,0,0,0,0,0,,
467,Rice,3,WHU,47,(A): LEI,81.37,2.458,0.053,0.078,0.145,0.143,81.37,1
468,Soucek,3,WHU,50,(A): LEI,72.84,2.705,0.121,0.084,0.141,0.12,72.84,1
469,Fornals,3,WHU,49,(A): LEI,41.29,1.87,0.053,0.074,0.075,0.103,41.29,1
470,Diop,2,FUL,43,(A): MUN,75.88,1.374,0.022,0.018,0.078,0.052,75.88,1
471,Johnson,2,WHU,44,(A): LEI,11.15,0.311,0.002,0.009,0.01,0.014,11.15,1
472,Aguerd,2,WHU,48,(A): LEI,72.83,1.945,0.047,0.023,0.129,0.1,72.83,1
473,Areola,1,WHU,43,(A): LEI,3.98,0.146,0,0,0.007,0.011,3.98,1
474,Boly,2,NFO,41,(A): CRY,31.16,0.898,0.013,0.009,0.042,0.034,31.16,1
475,Coady,2,EVE,47,(H): BOU,12.18,0.497,0.004,0.004,0.039,0.041,12.18,1
476,Jiménez,4,WOL,65,(A): ARS,0,0,0,0,0,0,0,1
477,Jonny,2,WOL,43,(A): ARS,4.21,0.11,0.001,0.003,0.001,0.002,4.21,1
478,Sá,1,WOL,50,(A): ARS,45.89,1.593,0,0.002,0.035,0.115,45.89,1
479,Dendoncker,3,AVL,47,(H): BHA,34.43,1.401,0.042,0.028,0.072,0.085,34.43,1
480,Neves,3,WOL,52,(A): ARS,68.41,2.08,0.1,0.046,0.055,0.102,68.41,1
481,Hwang,3,WOL,57,(A): ARS,34.73,1.594,0.06,0.049,0.028,0.053,34.73,1
482,Semedo,2,WOL,50,(A): ARS,77.21,1.371,0.013,0.045,0.068,0.033,77.21,1
483,Podence,3,WOL,51,(A): ARS,24.74,1.236,0.038,0.048,0.016,0.043,24.74,1
484,Kilman,2,WOL,43,(A): ARS,68.91,1.133,0.022,0.014,0.053,0.034,68.91,1
485,Cundle,3,WOL,44,,0,0,0,0,0,0,,
486,Neto,3,WOL,49,(A): ARS,43.1,1.941,0.067,0.091,0.039,0.067,43.1,1
487,Aït-Nouri,2,WOL,41,(A): ARS,2.2,0.067,0,0.002,0,0.001,2.2,1
488,Fabio Silva,4,WOL,55,,0,0,0,0,0,0,,
489,Toti,2,WOL,39,(A): ARS,50.35,0.941,0.016,0.026,0.041,0.029,50.35,1
490,Chiquinho,3,WOL,50,(A): ARS,0,0,0,0,0,0,0,1
491,Adama,3,WOL,53,(A): ARS,28.45,1.307,0.032,0.048,0.02,0.048,28.45,1
492,Šarkić,1,WOL,39,,0,0,0,0,0,0,,
493,Gibbs-White,3,NFO,55,(A): CRY,84,3.4,0.143,0.199,0.131,0.21,84,1
494,Mosquera,2,WOL,39,,0,0,0,0,0,0,,
495,Matthews,1,CRY,40,,0,0,0,0,0,0,,
496,Plange,4,CRY,45,,0,0,0,0,0,0,,
497,Adrián,1,LIV,38,(A): SOU,5.49,0.223,0,0,0.019,0.011,5.49,1
498,R.Williams,2,LIV,40,,0,0,0,0,0,0,,
499,Davies,2,LIV,40,,0,0,0,0,0,0,,
500,Van den Berg,2,LIV,40,,0,0,0,0,0,0,,
501,Phillips,2,LIV,38,(A): SOU,8.51,0.338,0.005,0.003,0.017,0.022,8.51,1
502,Carson,1,MCI,38,(A): BRE,0,0,0,0,0,0,0,1
503,Moutinho,3,WOL,46,(A): ARS,6.32,0.368,0.004,0.01,0.002,0.01,6.32,1
504,Malacia,2,MUN,42,(H): FUL,34.38,1.46,0.013,0.033,0.112,0.104,74.38,1
505,Rothwell,3,BOU,49,(A): EVE,44.98,1.668,0.034,0.063,0.072,0.073,44.98,1
506,Adams,3,LEE,49,(H): TOT,0,0,0,0,0,0,0,1
507,Niakhaté,2,NFO,43,(A): CRY,85.03,1.892,0.032,0.021,0.13,0.057,85.03,1
508,Sinisterra,3,LEE,65,(H): TOT,0,0,0,0,0,0,0,1
509,Downes,3,WHU,42,(A): LEI,15.24,0.575,0.007,0.01,0.013,0.017,15.24,1
510,Hickey,2,BRE,49,(H): MCI,60.22,1.535,0.015,0.038,0.096,0.044,60.22,1
511,Richards,2,NFO,44,(A): CRY,0,0,0,0,0,0,0,1
512,Aribo,3,SOU,50,(H): LIV,42.16,2.138,0.12,0.067,0.036,0.096,42.16,1
513,Lenglet,2,TOT,48,(A): LEE,79.36,2.118,0.03,0.03,0.168,0.086,79.36,1
514,C.Doucouré,3,CRY,50,(H): NFO,73.53,2.706,0.08,0.093,0.299,0.15,73.53,1
515,Lewis-Potter,3,BRE,52,(H): MCI,0,0,0,0,0,0,0,1
516,Collins,2,WOL,42,(A): ARS,47.5,0.836,0.018,0.013,0.037,0.023,47.5,1
517,Strakosha,1,BRE,43,(H): MCI,4.91,0.174,0,0,0.007,0.012,4.91,1
518,Hennessey,1,NFO,39,(A): CRY,88.86,3.162,0,0.006,0.131,0.229,88.86,1
519,Eriksen,3,MUN,62,(H): FUL,60.61,3.602,0.155,0.234,0.257,0.329,60.61,1
520,Koulibaly,2,CHE,55,(H): NEW,45.83,1.245,0.026,0.017,0.084,0.06,45.83,1
521,Francois,3,FUL,44,,0,0,0,0,0,0,,
522,Spence,2,TOT,41,,0,0,0,0,0,0,,
523,Toffolo,2,NFO,43,(A): CRY,14.68,0.479,0.007,0.014,0.013,0.016,14.68,1
524,O'Brien,3,NFO,47,,0,0,0,0,0,0,,
525,Augustinsson,2,AVL,43,,0,0,0,0,0,0,,
526,Mee,2,BRE,48,(H): MCI,79.81,2.001,0.055,0.027,0.115,0.098,79.81,1
527,Lingard,3,NFO,54,(A): CRY,1.88,0.151,0.003,0.004,0.002,0.003,1.88,1
528,Mara,4,SOU,53,(H): LIV,6.07,0.416,0.017,0.008,0,0.021,6.07,1
529,Scamacca,4,WHU,66,(A): LEI,0,0,0,0,0,0,0,1
530,Richards,2,CRY,44,(H): NFO,35.32,1.623,0.035,0.018,0.129,0.14,35.32,1
531,Vinagre,2,EVE,43,(H): BOU,0,0,0,0,0,0,0,1
532,Mbabu,2,FUL,43,,0,0,0,0,0,0,,
533,Martínez,2,MUN,44,(H): FUL,0,0,0,0,0,0,0,1
534,McNeil,3,EVE,52,(H): BOU,80.62,4.15,0.175,0.252,0.36,0.382,80.62,1
535,Tavernier,3,BOU,47,(A): EVE,0,0,0,0,0,0,0,1
536,Mangala,3,NFO,49,(A): CRY,70.48,2.085,0.031,0.048,0.12,0.077,70.48,1
537,Kesler Hayden,2,AVL,40,,0,0,0,0,0,0,,
538,Young,2,AVL,43,(H): BHA,48.43,1.942,0.032,0.076,0.117,0.126,48.43,1
539,Hill,2,BOU,44,,0,0,0,0,0,0,,
540,Stevens,2,BRE,40,,0,0,0,0,0,0,,
541,Dervişoğlu,4,BRE,45,,0,0,0,0,0,0,,
542,Scherpen,1,BHA,40,,0,0,0,0,0,0,,
543,Clarke,2,BHA,40,,0,0,0,0,0,0,,
544,Van Hecke,2,BHA,40,(A): AVL,16.09,0.435,0.008,0.007,0.021,0.017,16.09,1
545,Emerson,2,WHU,40,(A): LEI,32.84,1.046,0.009,0.031,0.055,0.032,32.84,1
546,Harris,3,FUL,43,(A): MUN,0,0,0,0,0,0,0,1
547,Drameh,2,LEE,40,,0,0,0,0,0,0,,
548,Iversen,1,LEI,39,(H): WHU,87.69,3.423,0,0.002,0.247,0.249,87.69,1
549,Praet,3,LEI,48,(H): WHU,26.92,1.379,0.041,0.054,0.053,0.076,26.92,1
550,Amad,3,MUN,44,,0,0,0,0,0,0,,
551,Iqbal,3,MUN,42,(H): FUL,1.45,0.092,0.002,0.002,0.001,0.003,1.45,1
552,Anderson,3,NEW,43,(A): CHE,50.61,1.816,0.048,0.048,0.125,0.082,50.61,1
553,Hammond,3,NFO,42,(A): CRY,0,0,0,0,0,0,0,1
554,Bryan,3,TOT,50,,0,0,0,0,0,0,,
555,Ashby,2,NEW,38,(A): CHE,6.47,0.188,0.002,0.005,0.005,0.01,6.47,1
556,Coventry,3,WHU,44,,0,0,0,0,0,0,,
557,Smith,1,WOL,39,,0,0,0,0,0,0,,
558,Bueno,2,WOL,38,(A): ARS,40.76,1,0.008,0.033,0.033,0.024,40.76,1
559,Colwill,2,BHA,44,(A): AVL,56.56,1.451,0.022,0.024,0.092,0.07,56.56,1
560,Mills,3,EVE,43,(H): BOU,4.31,0.257,0.007,0.006,0.003,0.011,4.31,1
561,Warrington,3,EVE,44,,0,0,0,0,0,0,,
562,Solomon,3,FUL,49,(A): MUN,27.93,1.245,0.028,0.039,0.024,0.053,27.93,1
563,Chambers,2,LIV,40,,0,0,0,0,0,0,,
564,Bajcetic,3,LIV,43,(A): SOU,0,0,0,0,0,0,0,1
565,Gray,3,LEE,45,(H): TOT,0,0,0,0,0,0,0,1
566,Hodge,3,WOL,43,(A): ARS,0,0,0,0,0,0,0,1
567,Ronan,3,WOL,44,,0,0,0,0,0,0,,
568,Campbell,3,WOL,44,,0,0,0,0,0,0,,
569,Garnacho,3,MUN,41,(H): FUL,33.68,1.937,0.076,0.091,0.1,0.135,73.68,1
570,Garner,3,EVE,45,(H): BOU,64.07,2.86,0.097,0.172,0.269,0.193,64.07,1
571,Randolph,1,BOU,40,(A): EVE,0,0,0,0,0,0,0,1
572,Oko-Flex,3,WHU,44,,0,0,0,0,0,0,,
573,Lewis,2,MCI,38,(A): BRE,42.3,1.753,0.018,0.048,0.133,0.112,42.3,1
574,Neto,1,BOU,45,(A): EVE,88.61,3.118,0,0.002,0.113,0.236,88.61,1
575,Cornet,3,WHU,59,(A): LEI,25.9,1.297,0.041,0.044,0.034,0.058,25.9,1
576,Senesi,2,BOU,44,(A): EVE,43.04,1.015,0.017,0.009,0.057,0.035,43.04,1
577,Onana,3,EVE,47,(H): BOU,47.97,2.258,0.108,0.076,0.191,0.123,47.97,1
578,Robles,1,LEE,40,(H): TOT,85.32,3.057,0,0.003,0.149,0.202,85.32,1
579,Guedes,3,WOL,58,,0,0,0,0,0,0,,
580,Damsgaard,3,BRE,50,(H): MCI,42.82,1.951,0.077,0.074,0.066,0.081,42.82,1
581,Smithies,1,LEI,39,(H): WHU,1.58,0.063,0,0,0.004,0.005,1.58,1
582,Freuler,3,NFO,49,(A): CRY,21.28,0.804,0.013,0.016,0.021,0.025,21.28,1
583,Kouyaté,3,NFO,44,(A): CRY,30.39,1.184,0.019,0.017,0.039,0.047,30.39,1
584,Clark,3,LIV,45,(A): SOU,0,0,0,0,0,0,0,1
585,Dennis,4,NFO,56,(A): CRY,6.3,0.421,0.015,0.01,0,0.026,6.3,1
586,Estupiñán,2,BHA,50,(A): AVL,76.48,2.283,0.042,0.091,0.139,0.122,76.48,1
587,Sergio Gómez,2,MCI,44,(A): BRE,22.06,1.023,0.016,0.026,0.046,0.079,22.06,1
588,Kehrer,2,WHU,43,(A): LEI,29.05,0.841,0.007,0.014,0.047,0.028,29.05,1
589,Matheus,3,WOL,48,(A): ARS,70.53,2.392,0.07,0.092,0.065,0.099,70.53,1
590,Whitworth,1,CRY,40,(H): NFO,0,0,0,0,0,0,0,1
591,Ablade,4,FUL,45,(A): MUN,0,0,0,0,0,0,0,1
592,H.Davies,1,LIV,40,(A): SOU,0,0,0,0,0,0,0,1
593,Casemiro,3,MUN,49,(H): FUL,69.62,2.679,0.104,0.096,0.271,0.161,79.62,1
594,Isak,4,NEW,70,(A): CHE,66.64,3.719,0.295,0.153,0,0.5,66.64,1
595,Zanka,2,BRE,39,(H): MCI,31.83,0.792,0.014,0.008,0.045,0.029,31.83,1
596,Ferguson,4,BHA,46,(A): AVL,54.4,3.072,0.232,0.099,0,0.413,54.4,1
597,Saydee,4,BOU,45,,0,0,0,0,0,0,,
598,Bevan,2,BOU,40,,0,0,0,0,0,0,,
599,Gomes,3,MCI,45,,0,0,0,0,0,0,,
600,Knight,3,MCI,45,(A): BRE,1.92,0.116,0.002,0.002,0.002,0.004,1.92,1
601,Rodney,3,CRY,45,(H): NFO,4.82,0.295,0.007,0.009,0.003,0.014,4.82,1
602,Renan Lodi,2,NFO,43,(A): CRY,77.56,2.159,0.049,0.083,0.128,0.09,77.56,1
603,Paquetá,3,WHU,59,(A): LEI,70.47,3.113,0.149,0.146,0.141,0.218,70.47,1
604,Phillips,3,CRY,45,,0,0,0,0,0,0,,
605,Welch,2,EVE,40,(H): BOU,5.65,0.233,0.005,0.008,0.006,0.026,5.65,1
606,Vale,3,CHE,45,,0,0,0,0,0,0,,
607,Smith,3,ARS,44,(H): WOL,0,0,0,0,0,0,0,1
608,Kalajdžić,4,WOL,53,(A): ARS,0,0,0,0,0,0,0,1
609,Antony,3,MUN,73,(H): FUL,15.48,0.965,0.044,0.055,0.048,0.063,15.48,1
610,Akanji,2,MCI,51,(A): BRE,20.68,0.79,0.009,0.007,0.063,0.047,20.68,1
611,Gueye,3,EVE,47,(H): BOU,76.67,2.749,0.069,0.09,0.357,0.129,76.67,1
612,Faes,2,LEI,42,(H): WHU,84.91,2.816,0.048,0.025,0.241,0.186,84.91,1
613,Kurzawa,2,FUL,43,(A): MUN,4.04,0.135,0.002,0.003,0.001,0.004,4.04,1
614,Willian,3,FUL,55,(A): MUN,64.86,2.886,0.119,0.146,0.084,0.18,64.86,1
615,Kovár,1,MUN,40,,0,0,0,0,0,0,,
616,Zakaria,3,CHE,49,(H): NEW,23.13,0.934,0.018,0.017,0.026,0.028,23.13,1
617,Aubameyang,4,CHE,84,(H): NEW,7.32,0.56,0.033,0.014,0,0.048,7.32,1
618,Vinícius,4,FUL,54,(A): MUN,26.68,1.387,0.087,0.04,0,0.144,26.68,1
619,Gnonto,4,LEE,47,(H): TOT,46.11,2.461,0.15,0.108,0,0.253,46.11,1
620,Arthur,3,LIV,48,(A): SOU,14.29,0.704,0.019,0.019,0.014,0.025,14.29,1
621,Badé,2,NFO,45,,0,0,0,0,0,0,,
622,Larios,2,SOU,40,(H): LIV,0,0,0,0,0,0,0,1
623,Caleta-Car,2,SOU,44,(H): LIV,35.58,0.725,0.018,0.009,0.026,0.016,35.58,1
624,Edozie,3,SOU,46,(H): LIV,3.69,0.274,0.007,0.006,0.002,0.007,3.69,1
625,Diego Costa,4,WOL,53,(A): ARS,54.92,2.322,0.151,0.077,0,0.125,54.92,1
626,Karius,1,NEW,39,(A): CHE,10.04,0.382,0,0,0.024,0.028,10.04,1
627,Jakupović,1,EVE,40,,0,0,0,0,0,0,,
628,Aurier,2,NFO,43,(A): CRY,85.08,2.265,0.045,0.088,0.135,0.104,85.08,1
629,Traoré,3,WOL,43,(A): ARS,2.31,0.093,0.001,0.001,0,0.002,2.31,1
630,Nwaneri,3,ARS,45,(H): WOL,1.15,0.079,0.002,0.002,0.001,0.003,1.15,1
631,Sousa,2,ARS,40,(H): WOL,3.37,0.121,0.003,0.001,0.003,0.012,3.37,1
632,Trevitt,3,BRE,44,(H): MCI,1.86,0.108,0.002,0.001,0.001,0.003,1.86,1
633,Cox,1,BRE,39,(H): MCI,0,0,0,0,0,0,0,1
634,Gordon,4,CRY,45,,0,0,0,0,0,0,,
635,Bettinelli,1,CHE,40,(H): NEW,0,0,0,0,0,0,0,1
636,Parkes,2,FUL,40,(A): MUN,0,0,0,0,0,0,0,1
637,John,2,EVE,39,(H): BOU,6.22,0.255,0.005,0.009,0.007,0.027,6.22,1
638,Bogarde,2,AVL,40,,0,0,0,0,0,0,,
639,Braybrooke,3,LEI,45,(H): WHU,0,0,0,0,0,0,0,1
640,Turns,2,BHA,40,,0,0,0,0,0,0,,
641,Godo,3,FUL,45,(A): MUN,0,0,0,0,0,0,0,1
642,Balmer,2,CRY,40,(H): NFO,1.46,0.051,0.001,0.001,0.001,0.005,1.46,1
643,Mainoo,3,MUN,45,(H): FUL,1.2,0.077,0.002,0.001,0.001,0.002,1.2,1
644,Goodman,1,CRY,40,(H): NFO,0,0,0,0,0,0,0,1
645,Wormleighton,2,LEI,40,(H): WHU,0,0,0,0,0,0,0,1
646,Crama,2,BRE,40,(H): MCI,2.19,0.051,0.001,0,0.001,0.002,2.19,1
647,Payne,3,SOU,45,,0,0,0,0,0,0,,
648,Finnigan,3,SOU,45,,0,0,0,0,0,0,,
649,Plain,1,BOU,40,(A): EVE,0,0,0,0,0,0,0,1
650,Yarmolyuk,3,BRE,45,(H): MCI,1.22,0.072,0.001,0.001,0,0.002,1.22,1
651,Moran,3,BHA,45,(A): AVL,8.21,0.43,0.01,0.013,0.001,0.017,8.21,1
652,Furlong,2,BHA,40,,0,0,0,0,0,0,,
653,Hutchinson,3,CHE,42,(H): NEW,0,0,0,0,0,0,0,1
654,Wells-Morrison,3,CRY,45,(H): NFO,5.44,0.333,0.01,0.011,0.003,0.016,5.44,1
655,Hein,1,ARS,39,(H): WOL,0,0,0,0,0,0,0,1
656,Bishop,1,MUN,40,(H): FUL,0,0,0,0,0,0,0,1
657,Fraser,4,WOL,45,(A): ARS,0,0,0,0,0,0,0,1
658,Griffiths,3,WOL,44,(A): ARS,0,0,0,0,0,0,0,1
659,Mateo Joseph,4,LEE,45,(H): TOT,1.97,0.179,0.007,0.005,0,0.01,1.97,1
660,Shoretire,4,MUN,45,,0,0,0,0,0,0,,
661,Hall,3,CHE,43,(H): NEW,47.19,1.575,0.018,0.049,0.089,0.062,47.19,1
662,Cannon,4,EVE,45,,0,0,0,0,0,0,,
663,Perkins,4,LEE,45,(H): TOT,0,0,0,0,0,0,0,1
664,Lembikisa,2,WOL,40,(A): ARS,0,0,0,0,0,0,0,1
665,Doak,3,LIV,45,(A): SOU,3.35,0.205,0.005,0.005,0.002,0.006,3.35,1
666,Dale Taylor,4,NFO,45,,0,0,0,0,0,0,,
667,Sekularac,3,FUL,45,(A): MUN,0,0,0,0,0,0,0,1
668,Cozier-Duberry,3,ARS,45,(H): WOL,0,0,0,0,0,0,0,1
669,Mubama,4,WHU,45,(A): LEI,0,0,0,0,0,0,0,1
670,Marschall,1,AVL,40,,0,0,0,0,0,0,,
671,Morgan,4,SOU,45,,0,0,0,0,0,0,,
672,Kadan Young,3,AVL,45,(H): BHA,1.53,0.095,0.002,0.002,0.001,0.003,1.53,1
673,Humphreys,2,CHE,45,,0,0,0,0,0,0,,
674,Bennett,2,MUN,40,(H): FUL,1.37,0.046,0.001,0,0.001,0.004,1.37,1
675,Smith,1,NFO,40,,0,0,0,0,0,0,,
676,Ozoh,3,CRY,45,(H): NFO,4.93,0.312,0.009,0.01,0.003,0.015,4.93,1
677,Hinshelwood,3,BHA,45,(A): AVL,0,0,0,0,0,0,0,1
678,Price,3,EVE,45,(H): BOU,0,0,0,0,0,0,0,1
679,Buonanotte,3,BHA,45,(A): AVL,36.6,1.613,0.052,0.07,0.056,0.083,36.6,1
680,Gakpo,3,LIV,76,(A): SOU,55.94,4.485,0.346,0.249,0.208,0.367,55.94,1
681,Scarpa,3,NFO,46,(A): CRY,0,0,0,0,0,0,0,1
682,Cunha,4,WOL,53,(A): ARS,69.25,2.909,0.182,0.123,0,0.229,69.25,1
683,Kuol,3,NEW,45,,0,0,0,0,0,0,,
684,D.D.Fofana,4,CHE,50,(H): NEW,11.43,0.737,0.043,0.022,0,0.066,11.43,1
685,Butler-Oyedeji,4,ARS,45,,0,0,0,0,0,0,,
686,Simms,4,EVE,45,(H): BOU,19.42,1.32,0.072,0.059,0,0.132,19.42,1
687,McAteer,3,LEI,45,,0,0,0,0,0,0,,
688,Schade,3,BRE,49,(H): MCI,62.37,2.876,0.143,0.105,0.117,0.152,62.37,1
689,Badiashile,2,CHE,50,(H): NEW,5.91,0.178,0.004,0.002,0.008,0.009,5.91,1
690,João Félix,4,CHE,71,(H): NEW,50.08,2.9,0.202,0.139,0,0.338,50.08,1
691,Wöber,2,LEE,44,(H): TOT,78.9,2.112,0.039,0.053,0.144,0.084,78.9,1
692,Orsic,3,SOU,51,(H): LIV,10.72,0.565,0.015,0.017,0.001,0.017,10.72,1
693,Alcaraz,3,SOU,50,(H): LIV,63.76,2.45,0.085,0.098,0.066,0.095,63.76,1
694,Álex Moreno,2,AVL,45,(H): BHA,0,0,0,0,0,0,0,1
695,Adu-Adjei,4,BOU,45,(A): EVE,0,0,0,0,0,0,0,1
696,Dacosta Gonzalez,3,BOU,44,(A): EVE,1.44,0.081,0.001,0.001,0.001,0.002,1.44,1
697,Sadi,4,BOU,45,(A): EVE,0,0,0,0,0,0,0,1
698,Lemina,3,WOL,45,(A): ARS,72.69,2.031,0.031,0.031,0.078,0.076,72.69,1
699,Mudryk,3,CHE,64,(H): NEW,44.09,2.228,0.102,0.091,0.087,0.125,44.09,1
700,Rutter,4,LEE,50,(H): TOT,29.93,1.863,0.126,0.073,0,0.179,29.93,1
701,Weghorst,4,MUN,54,(H): FUL,32.94,2.066,0.16,0.075,0,0.183,32.94,1
702,Andrey Santos,3,CHE,45,,0,0,0,0,0,0,,
703,Danilo,3,NFO,45,(A): CRY,60.11,2.195,0.071,0.091,0.099,0.142,60.11,1
704,Sarabia,3,WOL,49,(A): ARS,25.65,1.309,0.048,0.05,0.017,0.045,25.65,1
705,Ouattara,3,BOU,50,(A): EVE,42.25,1.669,0.039,0.059,0.056,0.061,42.25,1
706,Pollock,4,BOU,45,(A): EVE,0,0,0,0,0,0,0,1
707,Sinisalo,1,AVL,40,(H): BHA,0,0,0,0,0,0,0,1
708,Madueke,3,CHE,54,(H): NEW,49.63,2.268,0.083,0.104,0.098,0.122,49.63,1
709,Kristiansen,2,LEI,45,(H): WHU,24.29,0.982,0.011,0.033,0.052,0.045,24.29,1
710,Kiwior,2,ARS,40,(H): WOL,67.05,3.008,0.056,0.037,0.285,0.235,67.05,1
711,Durán,4,AVL,55,(H): BHA,6.91,0.556,0.033,0.016,0,0.051,6.91,1
712,Perrone,3,MCI,44,(A): BRE,7.64,0.328,0.006,0.007,0.007,0.013,7.64,1
713,Danjuma,3,TOT,61,(A): LEE,17.82,1.264,0.068,0.048,0.017,0.092,17.82,1
714,Semenyo,4,BOU,50,(A): EVE,0,0,0,0,0,0,0,1
715,Tetê,3,LEI,49,(H): WHU,25.38,1.532,0.069,0.058,0.049,0.094,25.38,1
716,Bree,2,SOU,45,(H): LIV,23.54,0.492,0.004,0.03,0.016,0.012,23.54,1
717,Bentley,1,WOL,40,(A): ARS,44.11,1.521,0,0,0.033,0.103,44.11,1
718,Viña,2,BOU,45,(A): EVE,61.35,1.838,0.035,0.05,0.104,0.067,61.35,1
719,Ayari,3,BHA,45,(A): AVL,19.2,0.775,0.01,0.013,0.016,0.022,19.2,1
720,McKennie,3,LEE,46,(H): TOT,62.84,2.52,0.115,0.103,0.122,0.101,62.84,1
721,João Gomes,3,WOL,45,(A): ARS,41.78,1.348,0.017,0.019,0.035,0.041,41.78,1
722,Zabarnyi,2,BOU,45,(A): EVE,60.18,1.258,0.023,0.012,0.078,0.045,60.18,1
723,H.Traorè,3,BOU,45,(A): EVE,38.55,1.672,0.057,0.061,0.057,0.08,38.55,1
724,Enzo,3,CHE,50,(H): NEW,77.3,2.454,0.065,0.07,0.162,0.113,77.3,1
725,Ahamada,3,CRY,45,(H): NFO,19.1,0.906,0.021,0.024,0.031,0.039,19.1,1
726,Lukic,3,FUL,45,(A): MUN,24.23,0.914,0.02,0.02,0.019,0.032,24.23,1
727,Souttar,2,LEI,45,(H): WHU,30.5,1.153,0.03,0.018,0.081,0.065,30.5,1
728,Sabitzer,3,MUN,47,(H): FUL,0,0,0,0,0,0,0,1
729,Navas,1,NFO,45,(A): CRY,0,0,0,0,0,0,0,1
730,Felipe,2,NFO,45,(A): CRY,63.05,1.513,0.039,0.026,0.098,0.059,63.05,1
731,Kamaldeen,3,SOU,49,(H): LIV,46.67,2.093,0.083,0.089,0.042,0.066,46.67,1
732,Onuachu,4,SOU,53,(H): LIV,18.26,1.113,0.071,0.037,0,0.079,18.26,1
733,Pedro Porro,2,TOT,48,(A): LEE,76.54,3.083,0.091,0.173,0.162,0.2,76.54,1
734,A.Ayew,3,NFO,50,(A): CRY,12.99,0.673,0.02,0.02,0.003,0.027,12.99,1
735,Marçal-Madivadua,3,LEI,45,(H): WHU,0,0,0,0,0,0,0,1
736,Offiah,2,BHA,40,(A): AVL,3.16,0.075,0.001,0.001,0.001,0.003,3.16,1
737,Greenwood,2,BOU,40,(A): EVE,0,0,0,0,0,0,0,1
738,Kinsey-Wellings,2,BOU,40,(A): EVE,0,0,0,0,0,0,0,1
739,Anang,1,WHU,40,(A): LEI,0,0,0,0,0,0,0,1
740,Hegyi,1,WHU,39,(A): LEI,0,0,0,0,0,0,0,1
741,Miley,3,NEW,45,(A): CHE,4.57,0.247,0.004,0.005,0.002,0.007,4.57,1
742,Chilokoa-Mullen,2,LEE,40,(H): TOT,1.15,0.031,0.001,0,0,0.001,1.15,1
743,Monteiro,2,LEE,40,(H): TOT,1.23,0.033,0.001,0,0,0.001,1.23,1
744,Swinkels,2,AVL,40,(H): BHA,5.97,0.187,0.003,0.007,0.004,0.012,5.97,1
745,Zych,1,AVL,40,(H): BHA,0,0,0,0,0,0,0,1
746,Casey,2,WHU,40,(A): LEI,0,0,0,0,0,0,0,1
747,Wickens,1,FUL,40,(A): MUN,0,0,0,0,0,0,0,1
748,Mundle,3,TOT,45,(A): LEE,0,0,0,0,0,0,0,1
749,G.Shelvey,1,NFO,40,(A): CRY,1.14,0.041,0,0,0.002,0.003,1.14,1
750,C.Robinson,2,FUL,40,(A): MUN,0,0,0,0,0,0,0,1
751,Walters,2,ARS,40,(H): WOL,4.48,0.164,0.004,0.002,0.004,0.015,4.48,1
752,Olakigbe,3,BRE,45,(H): MCI,1.98,0.114,0.002,0.001,0.001,0.003,1.98,1
753,Wright,1,AVL,40,(H): BHA,0,0,0,0,0,0,0,1
754,Revan,2,AVL,40,(H): BHA,6.28,0.197,0.003,0.007,0.005,0.012,6.28,1
755,Patterson,3,AVL,45,(H): BHA,1.62,0.1,0.002,0.002,0.001,0.003,1.62,1
756,McGill,1,BHA,40,(A): AVL,2.43,0.088,0,0,0.004,0.006,2.43,1
757,Samuels-Smith,2,EVE,40,(H): BOU,7.35,0.304,0.005,0.01,0.01,0.031,7.35,1
758,Abbott,3,TOT,45,(A): LEE,0,0,0,0,0,0,0,1
759,Jurado,2,MUN,40,(H): FUL,1.92,0.063,0.001,0.001,0.001,0.006,1.92,1
760,Lonergan,1,EVE,40,(H): BOU,0,0,0,0,0,0,0,1
761,O'Reilly,3,AVL,45,(H): BHA,1.36,0.085,0.002,0.001,0.001,0.003,1.36,1
762,Peupion,3,BHA,45,(A): AVL,13.5,0.612,0.011,0.013,0.006,0.021,13.5,1
763,Dibley-Dias,3,FUL,45,(A): MUN,0,0,0,0,0,0,0,1
764,Craig,3,TOT,45,(A): LEE,1.14,0.071,0.001,0.001,0.001,0.002,1.14,1
765,Samuels,2,BHA,40,(A): AVL,4.4,0.107,0.002,0.001,0.002,0.004,4.4,1
766,Adaramola,2,CRY,40,(H): NFO,1.67,0.058,0.001,0.001,0.001,0.005,1.67,1
767,Bandeira,3,ARS,45,(H): WOL,0,0,0,0,0,0,0,1
768,McAllister,3,EVE,45,(H): BOU,0,0,0,0,0,0,0,1
769,Doyle,3,SOU,45,(H): LIV,0,0,0,0,0,0,0,1
770,Ballard,4,SOU,45,(H): LIV,0,0,0,0,0,0,0,1
771,Wady,1,CHE,40,(H): NEW,0,0,0,0,0,0,0,1
772,Robertson,3,MCI,45,(A): BRE,9.26,0.488,0.013,0.016,0.003,0.021,9.26,1
773,Charles,3,MCI,45,(A): BRE,9.84,0.507,0.013,0.015,0.004,0.021,9.84,1
774,O'Reilly,3,MCI,45,(A): BRE,10.13,0.52,0.012,0.018,0.004,0.022,10.13,1
10023,Alfie Whiteman,1,TOT,999,(A): LEE,0,0,0,0,0,0,0,1
10104,Mark Gillespie,1,NEW,999,(A): CHE,0,0,0,0,0,0,0,1
10201,Teden Mengi,2,MUN,999,(H): FUL,1.53,0.049,0.001,0,0.001,0.004,1.53,1
10241,Benjamin Mendy,2,MCI,999,(A): BRE,3.04,0.119,0.001,0.004,0.002,0.008,3.04,1
10249,Matty Longstaff,3,NEW,999,(A): CHE,32.31,1.384,0.041,0.034,0.062,0.056,32.31,1
10263,Mason Greenwood,4,MUN,999,(H): FUL,0,0,0,0,0,0,0,1
10264,Jed Steer,1,AVL,999,(H): BHA,0,0,0,0,0,0,0,1
10351,Gabriel Slonina,1,CHE,999,(H): NEW,0,0,0,0,0,0,0,1
10359,Louie Moulden,1,WOL,999,(A): ARS,0,0,0,0,0,0,0,1