"ID","Name","Pos","Team","Price","xPts 2","xMin 2","xPts 3","xMin 3","xPts 4","xMin 4","xPts 5","xMin 5","xPts 6","xMin 6","xPts GW2-38"
"283","Salah","MID","LIV","13","6.56","79.52","5.55","79.52","8.02","79.52","6.10","78.65","6.25","78.65","229.78"
"318","Haaland","FWD","MCI","11.6","6.37","68.50","4.32","68.50","5.24","68.50","6.18","68.50","4.62","68.50","190.43"
"306","Cancelo","DEF","MCI","7","6.23","83.02","4.56","81.71","5.52","80.64","5.69","78.50","4.48","78.50","179.72"
"301","De Bruyne","MID","MCI","12","6.12","69.55","4.22","69.55","5.08","69.55","5.96","69.55","4.49","69.55","183.25"
"285","Trent","DEF","LIV","7.5","6.08","82.14","4.55","82.14","6.78","82.14","5.70","82.14","5.48","82.14","202.60"
"314","Foden","MID","MCI","8","5.51","69.04","3.87","69.04","4.61","69.04","5.33","69.04","4.11","69.04","166.24"
"284","Robertson","DEF","LIV","7","5.20","82.14","3.83","82.14","5.42","78.24","4.70","78.24","4.48","78.24","164.85"
"28","Jesus","FWD","ARS","8","5.16","73.40","4.99","73.40","5.47","73.40","4.70","73.40","4.05","73.40","167.90"
"312","Dias","DEF","MCI","6","5.11","82.14","3.97","82.14","4.76","82.14","4.62","76.36","3.48","71.07","138.85"
"13","Saka","MID","ARS","8","4.85","77.50","4.59","75.74","5.03","75.74","4.45","75.74","3.78","75.74","157.37"
"308","Ake","DEF","MCI","5","4.84","81.71","3.76","81.71","3.54","64.93","2.48","43.50","1.55","34.00","58.39"
"280","van Dijk","DEF","LIV","6.5","4.71","85.43","3.42","85.43","5.07","85.43","4.38","83.89","4.18","83.89","152.01"
"227","Bamford","FWD","LEE","7.5","4.69","74.28","3.67","71.66","3.60","68.68","4.74","68.68","4.02","68.68","147.46"
"307","Ederson","GK","MCI","5.5","4.63","86.76","3.92","86.76","4.43","86.76","4.66","86.76","3.91","86.76","149.27"
"407","Ward-Prowse","MID","SOU","6.5","4.62","81.71","3.61","81.71","3.79","81.71","3.38","81.71","3.69","81.71","138.52"
"281","Alisson","GK","LIV","5.5","4.61","87.43","3.58","87.43","4.85","87.43","4.38","87.43","4.46","87.43","155.16"
"465","Bowen","MID","WHU","8.5","4.59","73.40","4.42","73.40","3.97","73.40","3.97","73.40","3.32","73.40","160.32"
"333","Fernandes","MID","MUN","10","4.55","74.28","3.71","74.28","5.13","74.28","4.63","74.28","4.52","74.28","174.85"
"299","Walker","DEF","MCI","5","4.54","78.93","3.59","78.93","3.87","71.50","3.81","67.14","2.99","64.45","118.21"
"31","E Martinez","GK","AVL","5","4.44","87.81","4.00","87.81","3.88","87.81","3.22","87.81","2.56","87.81","138.63"
"293","Diaz","MID","LIV","8","4.43","73.40","3.80","73.40","5.27","73.40","4.10","71.66","4.20","71.66","142.00"
"19","Martinelli","MID","ARS","6.1","4.42","66.41","3.80","58.36","3.83","53.50","3.40","53.50","2.91","53.50","121.61"
"486","P Neto","MID","WOL","5.5","4.36","76.90","2.97","74.28","3.46","71.66","3.79","71.66","4.18","69.73","119.38"
"33","Digne","DEF","AVL","5","4.32","81.02","3.59","81.02","3.83","81.02","2.82","81.02","2.67","81.02","130.58"
"326","Ronaldo","FWD","MUN","10.5","4.25","70.36","2.77","53.79","3.37","49.21","2.79","44.83","2.56","42.07","101.29"
"478","Sa","GK","WOL","5","4.19","87.81","2.69","87.81","3.87","87.81","4.23","87.81","4.24","87.81","132.65"
"304","Sterling","MID","CHE","10","4.19","67.79","5.07","67.79","5.25","67.79","4.99","67.79","4.90","67.79","170.20"
"303","Mahrez","MID","MCI","8","4.19","48.83","2.99","48.83","3.54","48.83","4.06","48.83","3.16","48.83","127.63"
"493","Gibbs-White","MID","WOL","5.5","4.12","73.40","2.83","71.29","3.06","63.50","3.08","58.50","3.30","55.31","92.63"
"80","Toney","FWD","BRE","7","4.04","80.40","4.17","80.40","4.62","80.40","3.65","80.40","5.08","80.40","147.19"
"15","Ramsdale","GK","ARS","5","4.01","87.43","4.46","87.43","4.46","87.43","4.14","87.43","3.32","87.43","144.73"
"43","Cash","DEF","AVL","5","4.01","82.14","3.33","82.14","3.54","82.14","2.56","82.14","2.35","82.14","120.09"
"113","R Sanchez","GK","BHA","4.5","3.99","87.81","3.53","87.81","4.24","87.81","4.02","87.81","3.87","87.81","138.55"
"7","Odegaard","MID","ARS","6.5","3.99","76.90","3.69","71.66","3.98","71.66","3.56","71.66","3.07","71.66","126.73"
"40","Watkins","FWD","AVL","7.4","3.99","67.79","3.20","67.79","3.70","67.79","2.99","67.79","2.75","67.79","128.86"
"483","Podence","MID","WOL","5.5","3.98","76.90","2.76","73.40","3.15","69.91","3.40","69.04","3.66","66.24","104.82"
"146","R James","DEF","CHE","6","3.97","71.29","4.16","71.29","4.35","67.79","3.77","61.83","4.01","61.83","139.84"
"481","Hwang","MID","WOL","6","3.97","69.55","2.67","64.33","2.96","59.12","3.09","55.64","3.00","46.71","80.87"
"427","Kane","FWD","TOT","11.4","3.97","78.65","5.82","78.65","5.60","78.65","4.92","78.65","6.39","78.65","194.20"
"238","Meslier","GK","LEE","4.5","3.92","87.81","3.00","87.81","3.45","87.81","4.22","87.81","3.69","87.81","126.50"
"297","Nunez","FWD","LIV","9","3.90","64.33","3.52","66.07","5.01","68.68","4.03","71.66","4.18","71.66","154.74"
"428","Son","MID","TOT","12","3.88","71.66","5.83","71.66","5.58","71.66","4.85","71.66","6.36","71.66","192.03"
"210","Mitrovic","FWD","FUL","6.6","3.87","79.98","4.57","79.98","3.42","79.98","4.11","79.98","3.34","79.98","146.83"
"106","Dunk","DEF","BHA","4.5","3.85","85.43","3.11","85.43","3.95","85.43","3.58","85.43","3.70","85.43","128.68"
"340","Sancho","MID","MUN","7.5","3.84","73.40","3.17","73.40","4.02","69.91","3.69","69.91","3.51","68.68","136.33"
"305","Grealish","MID","MCI","7","3.82","57.38","2.83","57.38","3.29","57.38","3.71","57.38","2.96","57.38","118.29"
"300","Gundogan","MID","MCI","7.5","3.82","52.07","2.64","49.07","2.91","46.17","3.31","46.17","2.62","46.17","105.59"
"327","de Gea","GK","MUN","5","3.80","87.81","2.56","87.81","4.02","87.81","3.51","87.81","3.42","87.81","135.14"
"142","Mount","MID","CHE","8","3.80","71.66","4.59","71.66","4.67","71.66","4.52","71.66","4.41","71.66","154.16"
"487","Ait-Nouri","DEF","WOL","4.5","3.78","76.90","2.15","73.02","3.18","69.19","3.04","65.21","3.24","65.21","101.07"
"458","Antonio","FWD","WHU","7.5","3.78","68.68","2.76","48.50","2.54","48.50","2.57","48.50","2.21","48.50","102.22"
"16","Gabriel","DEF","ARS","5","3.77","82.58","3.73","78.50","4.06","78.50","3.75","78.50","2.68","78.50","125.27"
"457","Cresswell","DEF","WHU","5","3.77","83.67","3.93","82.14","3.15","80.40","3.06","80.40","2.61","80.40","125.81"
"50","Carlos","DEF","AVL","5","3.74","83.45","3.13","83.45","3.28","83.45","2.37","83.45","2.14","83.45","111.44"
"111","Trossard","MID","BHA","6.5","3.73","71.66","3.54","71.66","4.74","71.66","3.98","71.66","4.24","71.66","140.61"
"261","Maddison","MID","LEI","8","3.72","76.90","5.63","76.90","3.42","76.90","4.53","76.90","4.03","76.90","155.09"
"468","Soucek","MID","WHU","5.5","3.68","78.65","3.57","78.65","3.25","78.65","3.24","78.65","2.81","78.65","129.24"
"313","Zinchenko","DEF","ARS","5.1","3.67","73.89","3.36","65.02","3.63","65.02","3.34","65.02","2.45","65.02","112.70"
"29","Coutinho","MID","AVL","7","3.66","54.93","2.99","54.93","3.40","54.93","2.75","54.93","2.56","54.93","118.46"
"315","Rodri","MID","MCI","6","3.66","83.67","2.77","78.93","3.04","76.83","3.32","76.83","2.77","76.83","108.85"
"335","Rashford","MID","MUN","6.5","3.63","64.67","2.99","64.67","3.81","61.17","3.40","59.42","3.13","55.64","122.15"
"477","Jonny","DEF","WOL","4.5","3.61","76.90","1.93","68.64","2.85","64.36","2.67","58.50","2.85","58.50","88.63"
"480","Neves","MID","WOL","5.5","3.59","82.79","2.62","80.40","3.04","78.65","3.06","73.89","3.35","73.89","103.25"
"109","Veltman","DEF","BHA","4.5","3.57","82.14","2.89","82.14","3.65","82.14","3.32","82.14","3.42","82.14","118.91"
"527","Lingard","MID","NFO","6","3.57","69.55","3.50","69.55","2.98","65.21","2.30","65.21","4.04","65.21","119.27"
"108","Webster","DEF","BHA","4.5","3.55","81.71","2.88","81.71","3.68","81.71","3.32","81.71","3.43","81.71","118.53"
"356","C Wilson","FWD","NEW","7.5","3.51","73.40","3.07","73.40","3.78","73.40","2.89","73.40","4.02","73.40","143.67"
"182","Pickford","GK","EVE","4.5","3.50","87.81","4.55","87.81","3.78","87.81","3.94","87.81","2.48","87.81","132.03"
"225","Rodrigo","MID","LEE","6","3.49","63.50","2.70","58.50","2.62","55.31","3.40","55.31","2.89","55.31","106.17"
"311","B Silva","MID","MCI","7","3.48","52.07","2.46","49.07","2.69","46.17","3.03","46.17","2.43","46.17","97.47"
"45","Bailey","MID","AVL","5","3.42","59.99","2.83","59.99","3.21","59.99","2.60","59.99","2.44","59.99","111.54"
"10","B White","DEF","ARS","4.5","3.41","82.58","3.02","69.93","3.25","69.93","3.02","69.93","2.14","69.93","100.97"
"461","Zouma","DEF","WHU","4.5","3.40","84.55","3.49","83.02","2.82","81.71","2.40","73.12","2.06","73.12","101.61"
"44","Konsa","DEF","AVL","4.5","3.39","74.74","2.83","74.74","2.97","74.74","2.16","74.74","1.93","74.74","101.15"
"484","Kilman","DEF","WOL","4.5","3.39","78.50","1.89","76.36","2.92","72.64","2.82","70.55","3.00","70.55","92.32"
"394","Brennan Johnson","FWD","NFO","6","3.39","75.50","3.40","78.65","3.14","77.37","2.51","75.50","3.89","75.50","119.69"
"516","Collins","DEF","WOL","4.5","3.38","78.50","1.86","78.50","3.00","76.36","3.03","76.36","3.27","76.36","97.40"
"37","McGinn","MID","AVL","5.5","3.38","82.14","2.87","82.14","3.16","82.14","2.65","82.14","2.49","82.14","111.14"
"398","D Henderson","GK","NFO","4.5","3.36","87.81","3.73","87.81","2.66","87.81","1.56","87.81","4.17","87.81","119.69"
"409","Walker-Peters","DEF","SOU","4.5","3.35","82.14","2.44","82.14","2.70","82.14","2.65","82.14","3.00","82.14","104.71"
"376","Pope","GK","NEW","5","3.34","76.57","2.38","76.57","3.62","76.57","2.09","76.57","3.84","76.57","123.08"
"147","E Mendy","GK","CHE","5","3.33","86.76","4.00","86.76","3.91","86.76","4.05","86.76","3.92","86.76","140.63"
"463","Coufal","DEF","WHU","4.5","3.33","76.50","3.13","67.79","2.41","61.83","2.30","61.83","1.97","61.83","96.00"
"368","Saint-Maximin","MID","NEW","6.5","3.28","73.40","2.83","73.40","3.53","73.40","2.67","73.40","3.76","73.40","131.98"
"520","Koulibaly","DEF","CHE","5.5","3.27","84.55","3.45","84.55","3.71","83.02","3.52","82.58","3.75","82.58","129.84"
"255","Vardy","FWD","LEI","9.5","3.27","64.33","4.74","64.33","3.03","64.33","3.92","64.33","3.46","64.33","140.57"
"128","T Silva","DEF","CHE","5.5","3.26","80.64","3.40","80.64","3.57","77.67","3.30","74.74","3.50","74.74","122.44"
"374","Guimaraes","MID","NEW","6","3.26","76.90","2.80","76.90","3.51","76.90","2.64","76.90","3.75","76.90","131.19"
"422","Bazunu","GK","SOU","4.5","3.25","81.42","2.61","81.42","2.55","81.42","2.48","81.42","3.09","81.42","103.54"
"479","Dendoncker","MID","WOL","5","3.24","76.90","2.37","73.02","2.46","63.50","2.21","52.26","2.40","52.26","78.23"
"81","Raya","GK","BRE","4.5","3.23","86.76","3.85","86.76","4.22","86.76","3.79","86.76","4.08","86.76","130.37"
"286","J Gomez","DEF","LIV","4.5","3.21","64.95","1.17","34.34","1.24","24.61","0.79","17.26","0.69","15.79","12.98"
"145","Havertz","FWD","CHE","8","3.19","64.33","3.77","64.33","3.88","64.33","3.74","64.33","3.70","64.33","129.76"
"367","Targett","DEF","NEW","5","3.18","80.40","2.41","80.40","3.47","80.40","1.95","80.40","3.94","80.40","121.06"
"30","Ings","FWD","AVL","7","3.18","48.50","2.58","48.50","2.95","48.50","2.43","48.50","2.25","48.50","103.36"
"523","Toffolo","DEF","NFO","4.5","3.16","82.79","3.01","80.40","2.36","76.50","1.23","76.50","3.73","76.50","100.13"
"103","Welbeck","FWD","BHA","6.5","3.16","60.07","3.07","60.07","4.10","60.07","3.45","60.07","3.65","60.07","121.14"
"410","Bednarek","DEF","SOU","4.5","3.15","79.98","2.30","79.98","2.59","79.98","2.61","79.98","2.87","79.98","100.30"
"469","Fornals","MID","WHU","5.5","3.15","64.67","2.77","55.93","2.55","55.93","2.55","55.93","2.25","55.93","100.74"
"139","Chilwell","DEF","CHE","6","3.14","63.50","3.71","70.36","4.01","70.36","3.82","70.36","4.00","70.36","138.17"
"209","Adarabioyo","DEF","FUL","4.5","3.08","83.89","3.21","76.36","2.04","76.36","3.08","76.36","1.81","76.36","98.02"
"507","Niakhate","DEF","NFO","4.5","3.08","81.71","2.40","64.93","1.20","39.21","0.44","23.58","1.15","23.58","35.83"
"425","Lloris","GK","TOT","5.5","3.07","87.81","4.42","87.81","4.44","87.81","3.64","87.81","4.37","87.81","142.53"
"519","Eriksen","MID","MUN","6.5","3.03","59.12","2.24","50.17","2.57","43.50","2.20","38.50","1.89","31.32","74.63"
"116","Mac Allister","MID","BHA","5.5","3.02","67.79","2.87","67.79","3.65","67.79","3.16","67.79","3.35","67.79","113.18"
"397","Awoniyi","FWD","NFO","6","3.02","52.07","3.14","56.83","2.57","48.83","1.94","45.93","3.17","45.93","96.50"
"95","Mbeumo","FWD","BRE","6","3.01","71.29","3.10","71.29","3.33","71.29","2.78","71.29","3.63","71.29","110.03"
"78","Jansson","DEF","BRE","4.5","3.00","85.43","3.26","85.43","3.93","85.43","3.24","85.43","3.60","83.89","103.72"
"127","Azpilicueta","DEF","CHE","5","3.00","66.64","2.93","60.64","2.87","54.93","2.57","51.50","2.69","51.50","95.00"
"6","Partey","MID","ARS","5","2.99","75.50","2.63","67.14","2.80","67.14","2.58","67.14","2.26","67.14","92.05"
"160","Zaha","MID","CRY","7","2.96","80.40","4.16","80.40","2.86","80.40","4.47","80.40","3.51","80.40","146.77"
"104","Gross","MID","BHA","5.5","2.94","58.55","2.58","53.79","3.06","49.21","2.14","39.50","2.07","35.53","73.09"
"89","Wissa","MID","BRE","5.5","2.93","58.36","2.57","46.83","2.29","36.47","1.95","36.47","2.30","33.68","65.76"
"26","Saliba","DEF","ARS","4.5","2.92","72.07","1.99","47.50","2.13","47.50","1.99","47.50","1.42","47.50","67.36"
"408","A Armstrong","FWD","SOU","5.5","2.92","51.14","2.33","48.83","2.37","48.83","2.13","48.83","2.29","48.83","86.43"
"195","Gordon","MID","EVE","5.5","2.91","69.55","3.76","69.55","3.14","69.55","3.40","69.55","2.65","69.55","102.97"
"373","Willock","MID","NEW","5","2.91","68.68","2.55","68.68","3.09","68.68","2.43","68.68","3.27","68.68","115.31"
"205","Reid","MID","FUL","5.5","2.91","69.04","3.31","69.04","2.57","69.04","3.06","69.04","2.39","64.33","91.77"
"357","Trippier","DEF","NEW","5","2.90","69.55","2.29","69.55","3.14","69.55","1.87","69.55","3.55","69.55","109.91"
"295","N Williams","DEF","NFO","4","2.90","76.90","2.75","74.28","2.14","68.68","1.14","68.68","3.34","68.68","90.15"
"331","Fred","MID","MUN","5.5","2.89","76.90","2.34","70.36","2.85","70.36","2.66","70.36","2.63","70.36","100.73"
"282","Fabinho","MID","LIV","5.5","2.84","77.21","2.46","75.50","2.97","73.50","2.63","73.50","2.62","73.50","97.23"
"130","Jorginho","MID","CHE","6","2.84","72.07","3.02","68.64","2.89","63.50","2.08","46.17","1.78","39.21","58.58"
"189","D Gray","MID","EVE","5.5","2.83","66.07","3.55","66.07","3.01","66.07","3.25","66.07","2.56","66.07","100.30"
"467","Rice","MID","WHU","5","2.83","82.14","2.79","82.14","2.59","82.14","2.57","82.14","2.35","82.14","100.38"
"526","Mee","DEF","BRE","4.5","2.82","83.67","3.06","82.79","3.58","80.64","2.75","74.74","2.92","70.55","75.76"
"371","Joelinton","MID","NEW","6","2.82","71.66","2.50","71.66","3.00","71.66","2.36","71.66","3.20","71.66","112.14"
"275","J Henderson","MID","LIV","5.5","2.82","66.41","2.46","64.67","3.06","64.33","2.66","64.33","2.68","64.33","98.63"
"420","Salisu","DEF","SOU","4.5","2.81","78.93","2.03","78.93","2.22","78.93","2.14","78.93","2.54","78.93","87.04"
"464","Benrahma","MID","WHU","6","2.81","45.21","2.33","36.83","2.15","36.83","2.15","36.83","1.90","36.83","85.22"
"244","Kristensen","DEF","LEE","5","2.80","82.14","2.43","82.14","2.55","82.14","3.49","82.14","2.70","79.98","95.42"
"199","Tarkowski","DEF","EVE","4.5","2.79","84.55","3.97","84.55","3.05","84.55","2.91","84.55","2.15","84.55","106.01"
"3","Xhaka","MID","ARS","5","2.79","79.52","2.71","78.24","2.88","78.24","2.68","78.24","2.34","78.24","95.12"
"246","Aaronson","MID","LEE","5.5","2.77","71.66","2.39","69.55","2.42","68.68","2.85","68.68","2.56","68.68","94.27"
"85","Henry","DEF","BRE","4.5","2.75","78.24","2.77","70.36","2.86","60.17","2.17","53.79","2.24","49.21","55.86"
"259","Tielemans","MID","LEI","6.5","2.75","75.50","3.73","75.50","2.61","75.50","3.00","71.00","2.59","66.36","103.69"
"279","Firmino","FWD","LIV","8","2.75","46.83","2.43","45.17","2.84","39.93","2.19","37.79","2.26","37.79","73.82"
"217","Robinson","DEF","FUL","4.5","2.74","75.50","3.13","75.50","1.96","75.50","2.98","75.50","1.73","75.50","94.97"
"79","Norgaard","MID","BRE","5.5","2.74","80.40","2.82","79.98","3.07","79.98","2.64","79.98","3.19","79.98","100.13"
"66","Solanke","FWD","BOU","6","2.74","79.98","3.53","79.98","2.83","79.98","4.01","79.98","3.87","79.98","134.90"
"399","Biancone","DEF","NFO","4.5","2.73","75.50","2.50","70.17","1.76","58.36","0.82","50.17","2.34","50.17","65.14"
"185","A Doucoure","MID","EVE","5.5","2.72","76.90","2.96","65.02","2.51","65.02","2.68","65.02","2.13","65.02","92.54"
"47","Ramsey","MID","AVL","5.5","2.71","56.83","2.31","56.83","2.53","56.83","2.14","56.83","2.02","56.83","89.36"
"107","March","MID","BHA","5","2.70","65.21","2.45","61.83","2.94","60.17","2.43","55.31","2.37","50.64","82.66"
"388","Worrall","DEF","NFO","4.5","2.69","84.55","2.62","83.02","2.07","82.14","1.00","82.14","3.34","82.14","88.50"
"88","Jensen","MID","BRE","5","2.69","64.33","2.58","58.36","2.54","51.50","2.20","51.50","2.60","50.17","78.53"
"443","Romero","DEF","TOT","5","2.68","84.55","4.18","84.55","3.65","83.02","3.05","83.02","4.06","83.02","125.65"
"120","Caicedo","MID","BHA","5","2.68","72.07","2.53","72.07","3.07","72.07","2.73","72.07","2.87","72.07","98.53"
"86","Janelt","MID","BRE","5.5","2.68","73.02","2.64","67.79","2.68","61.79","2.31","61.79","2.71","60.17","82.31"
"287","Keita","MID","LIV","5","2.66","50.17","2.35","50.17","3.03","50.17","2.55","50.17","2.39","45.60","66.02"
"204","Kebano","MID","FUL","5.5","2.65","59.12","2.97","59.12","2.36","59.12","2.76","59.12","2.27","57.38","85.87"
"512","Aribo","MID","SOU","5.5","2.65","61.83","2.26","61.83","2.30","61.83","2.14","61.83","2.28","61.83","84.89"
"377","Botman","DEF","NEW","4.5","2.63","72.07","2.05","76.36","3.07","76.36","1.66","76.36","3.47","76.36","105.69"
"366","Schar","DEF","NEW","4.5","2.63","69.02","1.95","66.98","2.78","66.98","1.55","66.98","3.18","66.98","97.14"
"233","Harrison","MID","LEE","6","2.62","47.69","1.87","39.21","1.68","33.16","2.09","33.16","1.83","33.16","67.66"
"114","Lamptey","DEF","BHA","4.5","2.61","49.79","2.14","48.07","2.57","45.76","2.23","43.50","2.32","43.50","81.07"
"405","S Armstrong","MID","SOU","5","2.60","50.17","2.18","50.17","2.23","50.17","2.04","50.17","2.20","50.17","81.93"
"330","Maguire","DEF","MUN","5","2.59","69.02","1.91","69.02","2.62","69.02","2.29","69.02","2.50","69.02","95.47"
"112","Cucurella","DEF","CHE","5","2.57","57.07","2.60","54.93","3.24","63.21","3.64","75.50","3.88","75.50","132.08"
"510","Hickey","DEF","BRE","5","2.56","76.90","2.68","73.02","3.06","68.64","2.56","68.64","2.83","68.64","91.49"
"346","A Pereira","MID","FUL","4.5","2.56","68.68","2.87","68.68","2.28","68.68","2.68","68.68","2.23","68.68","92.69"
"228","Llorente","DEF","LEE","4.5","2.54","82.14","2.33","81.71","2.37","81.71","3.25","81.71","2.50","80.64","87.61"
"430","Dier","DEF","TOT","5","2.53","84.55","3.74","79.33","2.89","67.79","2.39","67.79","3.13","67.79","98.25"
"432","Ben T Davies","DEF","TOT","5","2.52","81.71","3.18","64.45","2.71","60.64","2.26","60.64","2.95","60.64","92.54"
"194","Mykolenko","DEF","EVE","4.5","2.52","77.21","3.43","73.79","2.57","71.00","2.46","71.00","1.79","71.00","91.88"
"534","McNeil","MID","EVE","5.5","2.52","65.21","3.10","65.21","2.66","65.21","2.84","65.21","2.29","65.21","87.93"
"460","Lanzini","MID","WHU","5.5","2.52","50.43","2.27","44.64","2.10","44.64","2.11","44.64","1.90","44.64","82.37"
"403","Redmond","MID","SOU","5.5","2.51","43.98","2.10","43.98","2.14","43.98","1.96","43.98","2.11","43.98","78.74"
"529","Scamacca","FWD","WHU","7","2.51","44.93","3.37","63.50","3.07","63.50","3.13","63.50","2.67","63.50","122.11"
"220","Palhinha","MID","FUL","5","2.49","76.90","2.76","76.90","2.24","76.90","2.56","75.15","2.14","74.28","88.87"
"446","Kulusevski","MID","TOT","8.1","2.48","53.21","3.45","53.21","3.32","53.21","2.95","53.21","3.69","53.21","115.56"
"533","L Martinez","DEF","MUN","4.5","2.46","63.50","1.79","63.50","2.51","63.50","2.19","63.50","2.35","63.50","90.37"
"245","Roca","MID","LEE","5","2.46","68.68","2.21","68.68","2.24","68.68","2.64","68.68","2.37","68.68","86.96"
"262","Iheanacho","FWD","LEI","6.5","2.46","44.64","3.50","44.64","2.29","44.64","2.91","44.64","2.60","44.64","104.84"
"192","Holgate","DEF","EVE","4.5","2.42","78.50","3.47","78.50","2.50","74.21","2.30","72.07","1.66","72.07","76.83"
"235","Struijk","DEF","LEE","4.5","2.41","78.24","1.99","75.50","2.06","72.81","2.76","70.17","1.92","61.40","48.68"
"123","Undav","FWD","BHA","5.5","2.40","53.50","2.33","53.50","2.95","53.50","2.53","53.50","2.71","53.50","90.75"
"471","Ben Johnson","DEF","WHU","4.5","2.39","60.07","1.64","40.07","1.22","34.74","1.09","33.16","0.95","33.16","46.71"
"53","Kamara","MID","AVL","5","2.39","66.00","2.13","66.00","2.26","66.00","1.99","66.00","1.91","66.00","80.69"
"402","Romeu","MID","SOU","5","2.39","63.50","2.05","63.50","2.11","63.50","1.99","63.50","2.10","63.50","78.05"
"436","Sessegnon","DEF","TOT","4.5","2.38","62.43","2.39","40.07","2.18","40.07","1.85","40.07","2.43","40.07","75.71"
"197","Patterson","DEF","EVE","4","2.38","73.02","3.22","70.36","2.51","70.36","2.41","70.36","1.74","70.36","88.89"
"186","Iwobi","MID","EVE","5.5","2.38","58.36","2.71","53.50","2.28","52.07","2.42","52.07","1.97","52.07","66.61"
"134","Kante","MID","CHE","5","2.35","63.50","2.53","61.79","2.54","60.07","2.43","58.36","2.31","55.17","83.18"
"319","Alvarez","FWD","MCI","6.5","2.35","31.32","1.83","31.32","2.06","31.32","2.29","31.32","1.91","31.32","75.36"
"169","Eze","MID","CRY","5.5","2.34","69.04","3.12","66.41","2.17","64.33","3.19","62.27","2.51","60.07","101.99"
"411","C Adams","FWD","SOU","6.5","2.32","35.37","1.85","35.37","1.90","35.37","1.67","35.37","1.83","35.37","69.07"
"200","Cairney","MID","FUL","5","2.30","60.86","2.52","60.86","2.06","60.07","2.35","60.07","1.96","57.60","70.94"
"166","Edouard","FWD","CRY","5.5","2.30","62.60","3.02","62.60","2.13","58.36","2.84","53.50","2.22","51.14","90.20"
"266","Dewsbury-Hall","MID","LEI","5","2.28","66.83","2.97","66.83","2.05","61.79","2.36","60.17","2.12","56.93","78.72"
"524","O'Brien","MID","NFO","5","2.28","61.79","2.31","64.33","2.26","69.04","1.87","66.07","2.57","62.67","75.31"
"2","Leno","GK","FUL","4.5","2.26","56.72","3.71","86.76","2.68","86.76","3.59","86.76","2.30","86.76","118.41"
"161","Schlupp","MID","CRY","5","2.25","69.91","2.76","64.33","2.01","60.86","2.80","60.86","2.28","58.36","80.09"
"381","Colback","MID","NFO","4.5","2.24","71.29","1.72","50.64","1.12","28.42","0.87","22.11","0.95","18.53","29.14"
"342","Dalot","DEF","MUN","4.5","2.23","55.50","1.67","55.50","2.27","55.50","1.99","55.50","2.15","55.50","82.31"
"354","Wood","FWD","NEW","6","2.23","45.17","2.02","45.17","2.36","45.17","1.94","45.17","2.47","45.17","89.01"
"459","Dawson","DEF","WHU","5","2.20","53.79","3.52","83.02","2.87","82.14","2.63","80.40","2.18","80.40","111.19"
"369","Almiron","MID","NEW","5","2.20","55.31","1.98","55.31","2.32","55.31","1.89","55.31","2.44","55.31","86.08"
"536","Mangala","MID","NFO","5","2.19","55.31","2.31","59.21","2.25","63.50","1.87","61.79","2.55","56.83","70.13"
"506","T Adams","MID","LEE","5","2.19","66.07","2.01","66.07","2.02","66.07","2.36","66.07","2.12","66.07","78.30"
"473","Areola","GK","WHU","4.5","2.18","52.25","1.07","27.09","0.52","15.34","0.47","15.34","0.43","15.34","22.31"
"265","Ndidi","MID","LEI","5","2.18","74.28","2.73","74.28","2.11","74.28","2.42","74.28","2.30","74.28","89.11"
"159","Ayew","MID","CRY","5.5","2.18","62.60","2.75","58.36","1.84","52.07","2.66","51.83","2.09","48.83","79.90"
"258","Castagne","DEF","LEI","4.5","2.16","73.89","3.32","73.89","2.10","73.89","2.65","73.89","2.67","73.89","101.59"
"11","Nketiah","FWD","ARS","6.9","2.16","27.63","1.92","25.26","2.06","25.26","1.85","25.26","1.68","25.26","67.10"
"215","Tete","DEF","FUL","4.5","2.15","53.69","1.62","34.11","1.10","34.11","1.55","34.11","1.00","34.11","51.33"
"433","Hojbjerg","MID","TOT","5.5","2.15","70.17","2.62","68.26","2.52","68.26","2.31","68.26","2.70","68.26","89.37"
"321","Lavia","MID","SOU","4.5","2.14","67.79","1.93","67.79","1.98","67.79","1.92","67.79","2.00","67.79","73.53"
"42","Buendia","MID","AVL","6","2.13","32.00","1.81","32.00","2.01","32.00","1.69","32.00","1.60","32.00","70.61"
"211","Reed","MID","FUL","4.5","2.13","63.50","2.31","63.50","1.95","63.50","2.21","63.50","1.91","63.50","77.45"
"268","Justin","DEF","LEI","4.5","2.12","70.36","3.28","70.36","2.05","70.36","2.61","70.36","2.61","70.36","99.75"
"344","Elanga","MID","MUN","5","2.12","44.64","1.88","44.64","2.07","39.50","1.86","36.83","1.83","36.83","70.23"
"152","Guaita","GK","CRY","4.5","2.11","81.42","3.67","81.42","1.98","81.42","3.88","81.42","3.36","81.42","126.92"
"254","D Ward","GK","LEI","4","2.10","74.74","3.02","74.74","1.95","74.74","2.36","74.74","2.55","74.74","94.24"
"230","Koch","DEF","LEE","4.5","2.10","68.50","1.75","64.21","1.83","63.40","2.30","58.50","1.59","49.21","33.89"
"70","Billing","MID","BOU","5.5","2.09","70.36","2.68","70.36","2.16","70.36","3.06","70.36","2.92","70.36","101.73"
"110","Maupay","FWD","BHA","6.5","2.08","42.07","2.01","42.07","2.58","42.07","2.21","42.07","2.35","42.07","79.04"
"46","Douglas Luiz","MID","AVL","5","2.07","52.26","1.83","52.26","1.96","52.26","1.71","52.26","1.65","52.26","69.70"
"332","Shaw","DEF","MUN","5","2.04","46.36","1.61","46.36","2.07","46.36","1.83","46.36","2.01","46.36","75.93"
"272","Fofana","DEF","LEI","4.5","2.04","83.02","3.28","83.02","1.97","83.02","2.54","82.14","2.56","81.71","94.17"
"535","Tavernier","MID","BOU","5","2.04","66.83","2.53","66.00","2.08","66.00","2.89","66.83","2.70","65.02","91.95"
"249","Evans","DEF","LEI","4.5","2.03","78.50","3.27","78.50","1.96","78.50","2.48","76.36","2.35","72.07","90.48"
"514","C Doucoure","MID","CRY","5","2.02","71.66","2.48","68.64","1.86","66.83","2.51","66.00","2.12","65.11","76.32"
"168","Mateta","FWD","CRY","5.5","2.00","46.83","2.65","46.83","1.84","43.98","2.55","41.21","1.91","37.79","80.70"
"359","Fraser","MID","NEW","5.5","1.99","35.79","1.77","35.79","2.10","35.79","1.69","35.79","2.22","35.79","78.68"
"165","Andersen","DEF","CRY","4.5","1.98","83.67","3.75","83.67","1.90","83.67","4.00","83.67","3.15","83.67","123.71"
"358","Burn","DEF","NEW","4.5","1.97","53.64","1.29","46.93","1.91","46.93","1.06","46.93","2.15","46.93","66.35"
"181","Alli","MID","EVE","5.5","1.97","37.79","2.05","30.95","1.46","25.26","1.56","25.26","0.89","16.58","18.05"
"201","Ream","DEF","FUL","4.5","1.94","57.07","1.36","36.21","0.86","36.21","1.31","36.21","0.76","36.21","42.25"
"140","Pulisic","MID","CHE","6","1.94","33.16","2.23","33.16","2.28","33.16","2.20","33.16","2.17","33.16","76.71"
"64","Lerma","MID","BOU","5","1.94","75.50","2.41","75.50","1.98","75.50","2.72","75.50","2.61","75.50","90.98"
"294","Elliott","MID","LIV","5","1.94","37.79","1.74","37.79","2.15","37.79","1.81","35.37","1.70","33.16","38.10"
"242","Gelhardt","FWD","LEE","5.5","1.94","40.07","1.32","28.42","1.11","22.11","1.28","22.11","1.17","22.11","44.23"
"440","Bentancur","MID","TOT","5.5","1.92","60.17","2.37","58.50","2.28","58.50","2.08","58.50","2.45","58.50","80.67"
"231","D James","MID","LEE","6","1.92","37.79","1.69","37.79","1.72","37.79","2.03","37.79","1.82","37.79","67.18"
"62","Kieffer Moore","FWD","BOU","5.5","1.91","55.31","2.34","55.31","1.84","50.64","2.19","44.64","1.98","40.40","57.33"
"423","Bella-Kotchap","DEF","SOU","4.5","1.90","57.50","1.33","54.26","1.33","49.21","1.33","49.21","1.54","49.21","52.93"
"271","Daka","FWD","LEI","6","1.90","32.24","2.54","32.24","1.80","32.24","2.18","32.24","1.99","32.24","78.76"
"302","Stones","DEF","MCI","5.5","1.89","33.16","1.50","33.16","2.17","40.36","1.40","24.63","1.03","22.00","38.79"
"118","Mwepu","MID","BHA","5.5","1.88","40.07","1.80","40.07","2.18","40.07","1.94","40.07","2.03","40.07","69.71"
"454","Richarlison","FWD","TOT","8.5","1.88","41.00","2.43","41.00","2.37","41.00","2.17","41.00","2.61","41.00","83.75"
"383","Cafu","MID","NFO","4.5","1.81","44.36","1.43","31.58","0.87","17.68","0.77","16.58","0.85","14.00","23.31"
"338","McTominay","MID","MUN","5","1.80","48.50","2.23","70.17","2.69","70.17","2.51","70.17","2.50","70.17","94.30"
"276","Matip","DEF","LIV","6","1.79","32.42","2.58","61.36","4.50","72.07","4.32","78.50","4.11","78.50","120.06"
"167","Guehi","DEF","CRY","4.5","1.78","83.67","3.49","83.67","1.67","83.67","3.71","83.67","2.95","83.67","114.69"
"575","Cornet","MID","WHU","6","1.78","29.84","2.71","50.17","2.47","50.17","2.48","50.17","2.16","50.17","97.17"
"532","Mbabu","DEF","FUL","4.5","1.77","44.64","2.84","63.50","1.83","63.50","2.72","63.50","1.64","63.50","86.45"
"170","Mitchell","DEF","CRY","4.5","1.73","78.65","3.30","78.65","1.61","76.50","3.38","75.50","2.68","73.79","103.71"
"455","Fabianski","GK","WHU","5","1.71","37.79","2.73","62.84","2.91","74.36","2.52","74.36","2.33","74.36","108.94"
"474","Boly","DEF","WOL","4.5","1.68","41.21","0.86","37.02","1.28","33.95","1.19","31.68","1.27","31.68","39.34"
"515","Lewis-Potter","FWD","BRE","5.5","1.65","33.68","1.75","34.74","1.79","33.68","1.57","33.68","1.90","33.68","60.87"
"406","Elyounoussi","MID","SOU","5.5","1.64","25.26","1.38","25.26","1.40","25.26","1.28","25.26","1.37","25.26","51.28"
"504","Malacia","DEF","MUN","4.5","1.62","40.07","1.22","40.07","1.64","40.07","1.46","40.07","1.55","40.07","59.41"
"214","Cavaleiro","MID","FUL","5","1.62","34.11","1.80","34.11","1.42","31.97","1.62","31.97","1.39","31.97","32.11"
"274","Milner","MID","LIV","4.5","1.62","33.16","1.36","29.84","1.63","29.84","1.47","29.84","1.45","29.84","36.83"
"444","Bissouma","MID","TOT","5","1.61","50.64","1.89","49.21","1.83","49.21","1.70","49.21","1.94","49.21","65.31"
"101","Lallana","MID","BHA","5","1.56","35.53","1.50","35.53","1.73","35.53","1.58","35.53","1.64","35.53","57.43"
"448","Perisic","DEF","TOT","5.5","1.54","31.97","3.29","49.21","3.01","49.21","2.57","49.21","3.37","49.21","103.07"
"531","Vinagre","DEF","EVE","4.5","1.51","42.07","1.89","39.21","1.27","32.42","1.23","32.42","0.95","32.42","42.33"
"429","Doherty","DEF","TOT","5","1.50","32.84","3.20","49.21","2.90","49.21","2.49","49.21","3.25","49.21","100.30"
"417","Perraud","DEF","SOU","4.5","1.48","31.97","1.17","31.97","1.24","31.97","1.21","31.97","1.36","31.97","47.80"
"418","Djenepo","MID","SOU","5","1.48","24.87","1.27","24.87","1.16","22.11","1.08","22.11","1.13","22.11","42.70"
"157","Clyne","DEF","CRY","4.5","1.47","74.74","2.93","74.74","1.33","71.07","2.76","66.24","2.13","63.50","82.80"
"329","Varane","DEF","MUN","5","1.44","37.79","1.12","37.79","1.44","37.79","1.27","37.79","1.41","37.79","53.24"
"568","Campbell","MID","WOL","4.5","1.40","25.26","0.93","19.34","0.76","13.47","0.36","5.26","0.38","5.26","11.92"
"67","L Cook","MID","BOU","5","1.37","44.64","1.56","44.64","1.39","44.64","1.69","44.64","1.65","44.64","58.50"
"391","Surridge","FWD","NFO","5","1.37","17.76","1.07","12.63","1.03","12.63","0.79","11.05","1.06","11.05","35.08"
"8","Tierney","DEF","ARS","5","1.36","29.47","2.38","48.50","2.57","48.50","2.38","48.50","1.76","48.50","79.37"
"75","Anthony","MID","BOU","5.5","1.36","35.53","1.68","35.53","1.39","35.53","1.89","35.53","1.82","35.53","63.76"
"431","Lucas Moura","MID","TOT","6","1.36","25.26","1.67","25.26","1.62","25.26","1.50","25.26","1.74","25.26","57.79"
"445","Emerson R","DEF","TOT","5","1.34","37.79","1.31","23.58","1.18","23.58","1.01","23.58","1.31","23.58","41.34"
"336","van de Beek","MID","MUN","5.5","1.34","22.74","0.73","11.84","0.84","11.84","0.80","11.84","0.79","11.84","30.42"
"76","Zemura","DEF","BOU","4.5","1.33","82.14","2.78","82.14","1.46","82.14","3.69","82.14","3.14","78.93","89.77"
"380","Taylor","FWD","NFO","4.5","1.33","21.32","0.94","12.63","0.91","12.63","0.73","11.05","0.89","11.05","30.85"
"73","Kelly","DEF","BOU","4.5","1.30","84.55","2.71","84.55","1.42","84.55","3.56","84.55","3.10","83.89","100.76"
"365","Murphy","MID","NEW","4.5","1.28","21.32","1.17","21.32","1.33","21.32","1.13","21.32","1.39","21.32","49.67"
"9","Pepe","MID","ARS","5.4","1.26","12.63","1.03","10.53","1.09","10.53","1.00","10.53","0.91","10.53","36.17"
"475","Coady","DEF","EVE","5","1.25","41.21","1.75","41.21","1.37","41.21","1.28","41.21","0.97","41.21","49.05"
"485","Cundle","MID","WOL","4.5","1.23","25.26","0.87","19.34","0.69","13.47","0.33","5.26","0.34","5.26","10.98"
"69","Christie","MID","BOU","5.5","1.22","31.97","1.47","31.97","1.25","31.97","1.63","31.97","1.58","31.97","55.54"
"213","Rodak","GK","FUL","4.5","1.19","33.16","0.12","2.96","0.09","2.96","0.12","2.96","0.07","2.96","4.88"
"135","Ziyech","MID","CHE","5.9","1.19","19.34","1.37","19.34","1.39","19.34","1.36","19.34","1.33","19.34","47.31"
"341","Wan-Bissaka","DEF","MUN","4.5","1.18","29.47","0.93","29.47","1.18","29.47","1.05","29.47","1.16","29.47","43.67"
"91","Sorensen","DEF","BRE","4.5","1.11","35.53","0.86","23.95","0.69","15.79","0.33","8.53","0.23","5.26","5.01"
"177","Rondon","FWD","EVE","5","1.10","21.05","1.11","16.58","0.70","11.05","0.52","7.37","0.44","7.37","9.69"
"68","Pearson","MID","BOU","4.5","1.09","33.16","1.23","33.16","1.10","33.16","1.33","33.16","1.21","29.84","38.69"
"574","N Neto","GK","BOU","4.5","1.07","61.99","2.73","81.42","1.56","81.42","3.50","81.42","3.48","81.42","105.49"
"105","Duffy","DEF","FUL","4.5","1.07","29.47","1.65","39.50","1.03","39.50","1.57","39.50","0.92","39.50","49.63"
"508","Sinisterra","MID","LEE","6.5","1.07","22.74","2.09","54.93","2.74","71.29","3.33","71.29","2.94","71.29","105.31"
"180","Keane","DEF","EVE","4.5","1.06","32.42","1.47","32.42","1.16","32.42","1.08","32.42","0.86","32.42","41.72"
"221","Cooper","DEF","LEE","4.5","1.06","37.79","1.34","51.50","1.38","51.50","1.89","51.50","1.47","51.50","52.14"
"296","Carvalho","MID","LIV","5.5","1.06","16.58","0.95","16.58","1.00","13.47","0.87","13.47","0.74","11.05","28.24"
"14","Tomiyasu","DEF","ARS","4.5","1.05","23.58","2.80","60.64","3.00","60.64","2.79","60.64","2.03","60.64","91.98"
"57","A Smith","DEF","BOU","4.5","1.04","78.50","1.67","57.07","0.83","57.07","2.24","57.07","1.89","54.93","58.73"
"71","Mepham","DEF","BOU","4.5","1.02","71.07","1.51","49.79","0.80","49.79","1.99","49.79","1.66","47.31","54.48"
"251","Albrighton","MID","LEI","5","1.02","24.87","1.28","24.87","0.99","24.87","1.04","22.11","0.87","18.95","31.07"
"270","Thomas","DEF","LEI","4.5","1.01","38.50","1.56","38.50","0.97","38.50","1.23","38.50","1.25","38.50","47.49"
"416","I Diallo","MID","SOU","4.5","1.00","19.34","0.90","19.34","0.91","19.34","0.87","19.34","0.91","19.34","33.75"
"482","Semedo","DEF","WOL","5","0.98","18.95","1.11","35.37","2.31","48.83","2.77","58.36","2.97","58.36","88.05"
"58","Stanislas","MID","BOU","5","0.97","18.95","1.14","18.95","0.99","18.95","1.25","18.95","1.22","18.95","43.00"
"404","Stephens","DEF","SOU","4.5","0.93","23.58","0.60","19.16","0.66","19.16","0.66","19.16","0.73","19.16","25.63"
"580","Damsgaard","MID","BRE","5.5","0.93","12.63","1.69","33.68","2.34","48.83","2.02","48.83","2.45","48.83","76.14"
"190","T Davies","MID","EVE","5","0.90","19.34","0.64","11.05","0.59","11.05","0.61","11.05","0.54","11.05","22.02"
"158","Milivojevic","MID","CRY","4.5","0.89","23.21","1.08","23.21","0.87","23.21","1.14","23.21","0.99","23.21","39.06"
"39","Mings","DEF","AVL","4.5","0.88","20.37","0.74","20.37","0.78","20.37","0.57","20.37","0.52","20.37","26.51"
"25","Vieira","MID","ARS","5.9","0.88","11.37","1.64","23.58","1.75","23.58","1.60","23.58","1.44","23.58","56.72"
"141","T Chalobah","DEF","CHE","4.9","0.86","20.53","0.90","20.53","0.86","18.00","0.72","15.79","0.77","15.79","27.21"
"163","W Hughes","MID","CRY","5","0.86","23.21","1.02","23.21","0.85","23.21","1.06","23.21","0.94","23.21","36.75"
"183","Allan","MID","EVE","5","0.85","22.11","0.60","12.89","0.56","12.89","0.56","12.89","0.53","12.89","20.89"
"223","Klich","MID","LEE","5","0.83","15.16","0.58","11.05","0.59","11.05","0.66","11.05","0.61","11.05","22.73"
"136","Loftus-Cheek","MID","CHE","5","0.81","16.84","0.83","14.74","0.84","14.74","0.69","11.79","0.57","9.47","21.52"
"148","Gallagher","MID","CHE","6","0.79","14.74","0.87","14.74","0.89","14.74","0.87","14.74","0.86","14.74","30.69"
"61","Lowe","MID","BOU","5.5","0.79","13.82","0.90","13.82","0.80","13.82","0.97","13.82","0.95","13.82","33.80"
"156","J Ward","DEF","CRY","4.5","0.78","36.83","1.39","35.00","0.70","35.00","1.39","33.16","1.13","33.16","43.69"
"414","Valery","DEF","SOU","4","0.78","16.84","0.63","16.84","0.66","16.84","0.64","16.84","0.73","16.84","25.38"
"267","Soyuncu","DEF","LEI","4.5","0.77","30.95","1.21","30.95","0.75","30.95","0.96","30.95","0.97","30.95","36.85"
"257","Amartey","DEF","LEI","4.5","0.77","32.00","1.18","32.00","0.74","32.00","0.81","27.63","0.70","22.74","23.03"
"12","Smith Rowe","MID","ARS","5.9","0.77","8.42","1.62","22.11","2.10","27.79","1.92","27.79","1.72","27.79","67.37"
"579","Guedes","MID","WOL","6","0.76","11.05","1.34","28.42","1.92","37.79","2.52","48.50","2.70","46.83","70.28"
"393","Mbe Soh","DEF","NFO","4.5","0.75","18.95","0.21","4.74","0.04","0.79","0.03","0.79","0.05","0.79","2.41"
"90","Roerslev","DEF","BRE","4.5","0.72","16.58","0.48","9.21","0.31","4.74","0.27","4.74","0.29","4.74","10.51"
"83","Dasilva","MID","BRE","4.5","0.71","12.63","0.72","12.63","0.76","12.63","0.69","12.63","0.79","12.63","26.28"
"370","S Longstaff","MID","NEW","4.5","0.70","11.84","0.67","11.84","0.72","11.84","0.65","11.84","0.74","11.84","26.66"
"144","Hudson-Odoi","MID","CHE","5.5","0.69","11.05","0.77","11.05","0.78","11.05","0.76","11.05","0.76","11.05","27.01"
"218","Muniz","FWD","FUL","5.5","0.69","11.05","0.76","11.05","0.55","9.47","0.51","7.89","0.36","6.32","15.78"
"538","Young","DEF","AVL","4.5","0.63","9.21","0.57","9.21","0.58","9.21","0.49","9.21","0.46","9.21","20.54"
"0","Gueye","MID","EVE","3","0.63","14.74","1.64","38.21","1.71","46.36","1.78","46.36","1.53","46.36","61.87"
"224","Forshaw","MID","LEE","4.5","0.63","13.47","0.82","19.34","0.83","19.34","0.90","19.34","0.85","19.34","31.04"
"337","Lindelof","DEF","MUN","4.5","0.59","16.84","0.45","16.84","0.59","16.84","0.52","16.84","0.57","16.84","21.80"
"94","Baptiste","MID","BRE","4.5","0.58","11.05","0.49","8.84","0.41","6.58","0.38","6.58","0.34","5.26","12.13"
"576","Senesi","DEF","BOU","4.5","0.57","39.50","2.49","80.64","1.28","80.64","3.32","80.64","2.94","80.64","93.68"
"125","Enciso","FWD","BHA","5","0.57","10.53","0.56","10.53","0.69","10.53","0.60","10.53","0.64","10.53","21.70"
"355","Dubravka","GK","NEW","4.5","0.54","13.42","0.38","13.42","0.59","13.42","0.33","13.42","0.62","13.42","19.80"
"559","Colwill","DEF","BHA","4.5","0.49","11.05","0.40","11.05","0.50","11.05","0.46","11.05","0.47","11.05","16.34"
"171","Olise","MID","CRY","5.5","0.49","9.47","1.48","25.58","1.61","39.93","2.24","39.93","1.88","39.93","73.95"
"93","Onyeka","MID","BRE","5","0.49","9.47","0.49","9.47","0.52","9.47","0.48","9.47","0.53","9.47","18.03"
"72","Travers","GK","BOU","4.5","0.48","27.79","0.27","8.18","0.16","8.18","0.34","8.18","0.34","8.18","10.84"
"173","Ebiowei","MID","CRY","4.5","0.45","7.89","0.52","7.89","0.44","7.89","0.53","7.89","0.48","7.89","18.68"
"548","Iversen","GK","LEI","4","0.42","15.16","0.59","15.16","0.39","15.16","0.46","15.16","0.50","15.16","18.51"
"435","D Sanchez","DEF","TOT","4.5","0.42","12.63","0.19","3.68","0.17","3.68","0.15","3.68","0.19","3.68","6.24"
"269","Soumare","MID","LEI","4.5","0.42","10.53","0.48","10.53","0.41","10.53","0.44","10.53","0.43","10.53","16.43"
"206","Bryan","DEF","FUL","4.5","0.41","8.42","0.45","8.42","0.32","8.42","0.43","8.42","0.30","8.42","14.43"
"216","Onomah","MID","FUL","4.5","0.41","6.58","0.44","6.58","0.31","5.26","0.25","3.95","0.15","2.63","6.90"
"41","Nakamba","MID","AVL","4.5","0.40","7.89","0.38","7.89","0.39","7.89","0.36","7.89","0.36","7.89","14.04"
"237","Greenwood","FWD","LEE","4.5","0.40","6.58","0.15","2.63","0.15","2.63","0.16","2.63","0.16","2.63","5.97"
"149","Gilmour","MID","CHE","4.5","0.39","6.58","0.41","6.58","0.42","6.58","0.41","6.58","0.41","6.58","14.92"
"203","N Chalobah","MID","FUL","4.5","0.38","6.58","0.40","6.58","0.36","6.58","0.39","6.58","0.36","6.58","14.18"
"178","Coleman","DEF","EVE","4.5","0.37","8.42","0.89","16.58","1.10","24.87","1.06","24.87","0.86","24.87","33.91"
"164","Riedewald","MID","CRY","4.5","0.37","7.89","0.42","7.89","0.37","7.89","0.43","7.89","0.40","7.89","15.30"
"260","Perez","MID","LEI","5","0.36","5.26","0.46","5.26","0.34","5.26","0.40","5.26","0.38","5.26","14.66"
"513","Lenglet","DEF","TOT","5","0.34","11.05","2.03","43.50","2.56","60.83","2.12","60.83","2.83","60.83","85.07"
"577","Onana","MID","EVE","5","0.34","6.32","1.44","28.42","1.63","39.50","1.72","39.50","1.43","39.50","58.35"
"241","Bate","MID","LEE","4.5","0.34","9.47","0.33","9.47","0.33","9.47","0.36","9.47","0.34","9.47","12.46"
"401","McCarthy","GK","SOU","4.5","0.33","8.28","0.26","8.28","0.26","8.28","0.25","8.28","0.31","8.28","10.43"
"5","Holding","DEF","ARS","4.5","0.33","6.32","0.34","6.32","0.36","6.32","0.34","6.32","0.27","6.32","11.64"
"325","K Phillips","MID","MCI","5","0.33","5.26","0.76","16.58","1.05","23.16","1.10","23.16","0.99","23.16","36.89"
"124","Mitoma","MID","BHA","5","0.32","5.53","0.31","5.53","0.37","5.53","0.33","5.53","0.35","5.53","11.99"
"252","N Mendy","MID","LEI","4.5","0.32","9.47","0.36","9.47","0.32","9.47","0.34","9.47","0.33","9.47","12.50"
"32","C Chambers","DEF","AVL","4.5","0.31","6.32","0.26","6.32","0.28","6.32","0.21","6.32","0.19","6.32","9.46"
"0","Cutrone","FWD","WOL","3","0.29","3.95","0.16","2.63","0.17","2.63","0.09","1.32","0.10","1.32","0.95"
"360","Lascelles","DEF","NEW","4.5","0.27","7.37","0.20","7.37","0.30","7.37","0.17","7.37","0.33","7.37","10.30"
"541","Dervisoglu","FWD","BRE","4.5","0.27","4.74","0.17","2.63","0.09","1.32","0.08","1.32","0.00","0.05","0.75"
"470","Diop","DEF","FUL","4.5","0.26","7.37","0.95","24.63","0.61","24.63","0.92","24.63","0.54","24.63","28.62"
"87","Ghoddos","MID","BRE","5","0.25","3.95","0.26","3.95","0.27","3.95","0.25","3.95","0.28","3.95","9.41"
"18","Lokonga","MID","ARS","4.5","0.25","4.74","0.25","4.74","0.26","4.74","0.25","4.74","0.23","4.74","8.91"
"1","Cedric","DEF","ARS","4.5","0.24","4.74","0.25","4.74","0.26","4.74","0.25","4.74","0.19","4.74","8.46"
"395","Mighten","MID","NFO","5","0.23","3.16","0.23","3.16","0.15","2.11","0.14","2.11","0.17","2.11","5.82"
"496","Plange","FWD","CRY","4.5","0.23","3.95","0.26","3.95","0.23","3.95","0.27","3.95","0.24","3.95","9.61"
"438","Reguilon","DEF","TOT","4.4","0.22","4.74","0.32","4.74","0.29","4.74","0.25","4.74","0.32","4.74","10.14"
"175","Johnstone","GK","CRY","4.5","0.21","8.18","0.36","8.18","0.20","8.18","0.38","8.18","0.34","8.18","12.68"
"298","Ramsay","DEF","LIV","4","0.20","3.68","0.15","3.68","0.22","3.68","0.19","3.68","0.18","3.68","6.60"
"151","Ampadu","DEF","CHE","4.5","0.20","4.21","0.21","4.21","0.22","4.21","0.21","4.21","0.22","4.21","7.87"
"350","Ritchie","DEF","NEW","4.5","0.20","3.68","0.17","3.68","0.22","3.68","0.15","3.68","0.24","3.68","7.75"
"547","Drameh","DEF","LEE","4","0.20","6.32","0.09","2.84","0.09","2.84","0.05","1.18","0.04","1.18","1.84"
"150","Broja","FWD","CHE","5.5","0.20","4.21","0.23","4.21","0.23","4.21","0.23","4.21","0.22","4.21","7.90"
"549","Praet","MID","LEI","5","0.19","4.21","0.24","4.21","0.19","4.21","0.21","4.21","0.20","4.21","7.86"
"372","J Lewis","DEF","NEW","4.5","0.18","4.74","0.20","7.37","0.29","7.37","0.16","7.37","0.32","7.37","9.79"
"131","Barkley","MID","CHE","5","0.17","2.11","0.19","2.11","0.19","2.11","0.19","2.11","0.19","2.11","6.71"
"115","Alzate","MID","BHA","4.5","0.17","3.16","0.17","3.16","0.19","3.16","0.17","3.16","0.18","3.16","6.31"
"400","Walcott","MID","SOU","5","0.17","1.89","0.31","4.21","0.43","6.58","0.41","6.58","0.43","6.58","15.43"
"324","Ortega","GK","MCI","4","0.15","2.96","0.13","2.96","0.15","2.96","0.15","2.96","0.13","2.96","4.94"
"63","Marcondes","MID","BOU","5","0.15","2.63","0.17","2.63","0.15","2.63","0.19","2.63","0.18","2.63","6.47"
"74","Dembele","MID","BOU","5","0.15","2.63","0.16","2.63","0.15","2.63","0.18","2.63","0.17","2.63","6.20"
"378","Arter","MID","NFO","4.5","0.15","2.63","0.14","2.11","0.14","2.11","0.13","2.11","0.15","2.11","5.26"
"450","P Sarr","MID","TOT","4.5","0.14","2.11","0.15","2.11","0.15","2.11","0.14","2.11","0.15","2.11","5.42"
"54","Archer","FWD","AVL","4.5","0.14","2.21","0.08","1.32","0.09","1.32","0.08","1.32","0.08","1.32","3.22"
"489","Toti","DEF","WOL","4","0.13","3.16","0.08","3.16","0.12","3.16","0.12","3.16","0.13","3.16","3.96"
"133","Kepa","GK","CHE","4.5","0.12","2.96","0.13","2.96","0.13","2.96","0.14","2.96","0.13","2.96","4.80"
"65","Stacey","DEF","BOU","4.5","0.12","4.74","0.20","4.74","0.13","4.74","0.18","3.55","0.11","2.37","3.97"
"96","Goode","DEF","BRE","4","0.11","3.16","0.06","1.58","0.00","0.05","0.00","0.05","0.00","0.05","0.29"
"24","Turner","GK","ARS","4","0.10","2.37","0.11","2.37","0.11","2.37","0.10","2.37","0.08","2.37","3.63"
"517","Strakosha","GK","BRE","4.5","0.10","2.96","0.11","2.96","0.13","2.96","0.11","2.96","0.12","2.96","3.97"
"494","Mosquera","DEF","WOL","4","0.10","1.84","0.07","1.84","0.09","1.84","0.09","1.84","0.10","1.84","3.09"
"4","Elneny","MID","ARS","4.5","0.10","2.37","0.10","2.37","0.10","2.37","0.10","2.37","0.09","2.37","3.48"
"36","Sanson","MID","AVL","4.5","0.10","1.58","0.09","1.58","0.09","1.58","0.08","1.58","0.08","1.58","3.29"
"497","Adrian","GK","LIV","4","0.09","1.84","0.01","0.18","0.01","0.18","0.01","0.18","0.01","0.18","0.39"
"501","N Phillips","DEF","LIV","4","0.09","1.84","0.07","1.84","0.10","1.84","0.09","1.84","0.08","1.84","2.99"
"530","C Richards","DEF","CRY","4.5","0.09","3.68","0.16","3.68","0.08","3.68","0.17","3.68","0.14","3.68","5.36"
"525","Augustinsson","DEF","AVL","4.5","0.09","1.84","0.07","1.84","0.08","1.84","0.06","1.84","0.05","1.84","2.62"
"56","Guilbert","DEF","AVL","4","0.09","1.84","0.07","1.84","0.08","1.84","0.06","1.84","0.05","1.84","2.61"
"322","Wilson-Esbrand","DEF","MCI","4","0.09","1.58","0.07","1.58","0.00","0.05","0.00","0.05","0.00","0.05","0.31"
"343","B Williams","DEF","MUN","4","0.09","1.84","0.08","1.84","0.09","1.84","0.09","1.84","0.09","1.84","3.46"
"364","Krafth","DEF","NEW","4.5","0.09","1.84","0.07","1.84","0.10","1.84","0.07","1.84","0.10","1.84","3.37"
"363","Manquillo","DEF","NEW","4.5","0.09","1.68","0.15","3.68","0.19","3.68","0.13","3.68","0.21","3.68","6.59"
"384","Lolley","MID","NFO","5","0.09","1.58","0.09","1.58","0.09","1.58","0.08","1.58","0.10","1.58","3.41"
"21","Maitland-Niles","MID","ARS","5","0.09","1.58","0.09","1.58","0.09","1.58","0.09","1.58","0.08","1.58","3.21"
"34","B Traore","MID","AVL","5","0.09","1.05","0.08","1.05","0.09","1.05","0.08","1.05","0.08","1.05","3.25"
"51","El Ghazi","MID","AVL","5","0.09","1.05","0.08","1.05","0.09","1.05","0.08","1.05","0.08","1.05","3.21"
"176","Begovic","GK","EVE","4","0.08","2.21","0.10","2.21","0.08","2.21","0.09","2.21","0.06","2.21","3.01"
"35","Olsen","GK","AVL","4","0.08","1.84","0.07","1.84","0.07","1.84","0.06","1.84","0.05","1.84","2.57"
"492","Sarkic","GK","WOL","4","0.08","1.84","0.05","1.84","0.07","1.84","0.08","1.84","0.08","1.84","2.52"
"243","Hjelde","DEF","LEE","4","0.08","2.37","0.04","1.18","0.04","1.18","0.02","0.59","0.02","0.59","0.84"
"187","Gbamin","MID","EVE","4.5","0.08","1.32","0.09","1.32","0.08","1.32","0.09","1.32","0.08","1.32","3.08"
"48","Chukwuemeka","MID","CHE","4.5","0.08","1.32","0.08","1.32","0.08","1.32","0.08","1.32","0.08","1.32","2.97"
"184","Gomes","MID","EVE","4.5","0.08","1.58","0.09","1.58","0.08","1.58","0.08","1.58","0.07","1.58","2.94"
"348","Heaton","GK","MUN","4","0.07","1.84","0.05","1.84","0.07","1.84","0.06","1.84","0.07","1.84","2.57"
"236","Klaesson","GK","LEE","4","0.07","1.84","0.06","1.84","0.06","1.84","0.08","1.84","0.06","1.84","2.25"
"292","Tsimikas","DEF","LIV","4.5","0.07","1.05","0.25","5.26","0.83","12.63","0.72","12.63","0.69","12.63","24.34"
"434","Winks","MID","TOT","4.5","0.07","1.05","0.08","1.05","0.07","1.05","0.07","1.05","0.08","1.05","2.71"
"426","Forster","GK","TOT","4","0.06","1.84","0.09","1.84","0.09","1.84","0.07","1.84","0.09","1.84","2.85"
"518","Hennessey","GK","NFO","4","0.06","1.84","0.07","1.84","0.05","1.84","0.03","1.84","0.08","1.84","2.26"
"362","Dummett","DEF","NEW","4","0.06","1.84","0.05","1.84","0.07","1.84","0.04","1.84","0.08","1.84","2.44"
"208","Kongolo","DEF","FUL","4","0.06","1.58","0.07","1.58","0.05","1.58","0.07","1.58","0.04","1.58","2.21"
"539","Hill","DEF","BOU","4.5","0.06","4.63","0.13","4.63","0.06","4.63","0.13","3.47","0.08","2.32","2.56"
"558","Bueno","DEF","WOL","4","0.06","1.18","0.00","0.05","0.00","0.05","0.00","0.05","0.00","0.05","0.20"
"540","Stevens","DEF","BRE","4","0.06","1.58","0.00","0.05","0.00","0.05","0.00","0.05","0.00","0.05","0.20"
"289","Kelleher","GK","LIV","4","0.05","0.95","0.09","2.37","0.12","2.37","0.11","2.37","0.11","2.37","3.85"
"253","Vestergaard","DEF","LEI","4","0.05","1.84","0.08","1.84","0.05","1.84","0.06","1.84","0.06","1.84","2.33"
"198","Nkounkou","DEF","EVE","4","0.05","1.58","0.07","1.58","0.05","1.58","0.05","1.58","0.04","1.58","1.94"
"138","Kenedy","DEF","CHE","4","0.05","0.66","0.05","0.66","0.05","0.66","0.05","0.66","0.05","0.66","1.83"
"27","Marquinhos","MID","ARS","5","0.05","0.92","0.05","0.92","0.05","0.92","0.05","0.92","0.05","0.92","1.83"
"23","Nelson","MID","ARS","5","0.05","0.79","0.05","0.79","0.05","0.79","0.05","0.79","0.05","0.79","1.79"
"0","Batshuayi","FWD","CHE","3","0.05","0.79","0.05","0.79","0.05","0.79","0.05","0.79","0.05","0.79","1.74"
"52","K Davis","FWD","AVL","5.4","0.05","0.66","0.09","1.58","0.10","1.58","0.09","1.58","0.09","1.58","3.53"
"542","Scherpen","GK","BHA","4","0.04","0.92","0.03","0.92","0.04","0.92","0.04","0.92","0.04","0.92","1.34"
"102","Steele","GK","BHA","4","0.04","0.92","0.03","0.92","0.04","0.92","0.04","0.92","0.04","0.92","1.33"
"545","Emerson P","DEF","CHE","4","0.04","0.66","0.05","0.66","0.05","0.66","0.05","0.66","0.05","0.66","1.73"
"522","Spence","DEF","TOT","4.5","0.04","0.79","0.05","0.79","0.05","0.79","0.04","0.79","0.05","0.79","1.76"
"554","Bryan Gil","MID","TOT","5","0.04","0.79","0.05","0.79","0.05","0.79","0.05","0.79","0.05","0.79","1.77"
"0","Ndombele","MID","TOT","3","0.04","0.79","0.05","0.79","0.05","0.79","0.04","0.79","0.05","0.79","1.65"
"0","Poveda","MID","LEE","3","0.04","0.66","0.04","0.66","0.04","0.66","0.05","0.66","0.04","0.66","1.57"
"240","Summerville","MID","LEE","4.5","0.04","0.66","0.04","0.66","0.04","0.66","0.05","0.66","0.04","0.66","1.57"
"119","Sarmiento","MID","BHA","4.5","0.04","0.66","0.04","0.66","0.05","0.66","0.04","0.66","0.04","0.66","1.55"
"565","A Gray","MID","LEE","4.5","0.04","0.66","0.04","0.66","0.04","0.66","0.05","0.66","0.04","0.66","1.55"
"126","Kozlowski","MID","BHA","4.5","0.04","0.66","0.04","0.66","0.05","0.66","0.04","0.66","0.04","0.66","1.53"
"202","Knockaert","MID","FUL","5","0.04","0.66","0.04","0.66","0.04","0.66","0.04","0.66","0.04","0.66","1.55"
"0","Fosu","MID","BRE","3","0.04","0.66","0.04","0.66","0.04","0.66","0.04","0.66","0.04","0.66","1.50"
"172","Rak-Sakyi","MID","CRY","4.5","0.04","0.66","0.04","0.66","0.04","0.66","0.04","0.66","0.04","0.66","1.53"
"247","Gyabi","MID","LEE","4.5","0.04","0.66","0.04","0.66","0.04","0.66","0.04","0.66","0.04","0.66","1.44"
"521","Francois","MID","FUL","4.5","0.04","0.66","0.04","0.66","0.04","0.66","0.04","0.66","0.04","0.66","1.36"
"0","Bellerin","DEF","ARS","3","0.03","0.39","0.03","0.39","0.03","0.39","0.03","0.39","0.02","0.39","0.95"
"0","Kouyate","DEF","CRY","3","0.02","0.59","0.03","0.59","0.02","0.59","0.03","0.59","0.03","0.59","0.96"
"0","Vale","MID","CHE","3","0.02","0.26","0.02","0.26","0.02","0.26","0.02","0.26","0.02","0.26","0.67"
"49","Iroegbunam","MID","AVL","4.5","0.02","0.26","0.02","0.26","0.02","0.26","0.02","0.26","0.02","0.26","0.61"
"502","Carson","GK","MCI","4","0.01","0.18","0.01","0.18","0.01","0.18","0.01","0.18","0.01","0.18","0.31"
"0","Runarsson","GK","ARS","3","0.01","0.18","0.01","0.18","0.01","0.18","0.01","0.18","0.01","0.18","0.27"
"0","Bettinelli","GK","CHE","3","0.01","0.18","0.01","0.18","0.01","0.18","0.01","0.18","0.01","0.18","0.29"
"451","Austin","GK","TOT","4","0.01","0.18","0.01","0.18","0.01","0.18","0.01","0.18","0.01","0.18","0.28"
"571","Randolph","GK","WHU","4","0.01","0.18","0.01","0.18","0.01","0.18","0.01","0.18","0.01","0.18","0.25"
"0","Steer","GK","AVL","3","0.01","0.18","0.01","0.18","0.01","0.18","0.01","0.18","0.00","0.18","0.25"
"0","Sinisalo","GK","AVL","3","0.01","0.18","0.01","0.18","0.01","0.18","0.01","0.18","0.00","0.18","0.25"
"0","Marschall","GK","AVL","3","0.01","0.18","0.01","0.18","0.01","0.18","0.01","0.18","0.00","0.18","0.25"
"207","Gazzaniga","GK","FUL","4","0.01","0.18","0.01","0.18","0.01","0.18","0.01","0.18","0.00","0.18","0.25"
"421","Lis","GK","SOU","4","0.01","0.18","0.01","0.18","0.01","0.18","0.01","0.18","0.01","0.18","0.24"
"578","Robles","GK","LEE","4","0.01","0.18","0.01","0.18","0.01","0.18","0.01","0.18","0.01","0.18","0.22"
"0","Jordan Smith","GK","NFO","3","0.01","0.18","0.01","0.18","0.01","0.18","0.00","0.18","0.01","0.18","0.22"
"439","Tanganga","DEF","TOT","4","0.01","0.16","0.01","0.16","0.01","0.16","0.01","0.16","0.01","0.16","0.24"
"351","Fernandez","DEF","NEW","4.5","0.01","0.16","0.00","0.16","0.01","0.16","0.00","0.16","0.01","0.16","0.23"
"339","Bailly","DEF","MUN","4","0.01","0.16","0.00","0.16","0.01","0.16","0.01","0.16","0.01","0.16","0.23"
"0","Small","DEF","SOU","3","0.01","0.16","0.00","0.16","0.01","0.16","0.01","0.16","0.01","0.16","0.21"
"0","Tuanzebe","DEF","MUN","3","0.01","0.16","0.00","0.16","0.01","0.16","0.01","0.16","0.01","0.16","0.22"
"328","P Jones","DEF","MUN","4","0.01","0.12","0.00","0.12","0.01","0.12","0.00","0.12","0.01","0.12","0.20"
"162","Butland","GK","CRY","4.5","0.00","0.18","0.01","0.18","0.00","0.18","0.01","0.18","0.01","0.18","0.28"
"77","W Dennis","GK","BOU","4","0.00","0.18","0.01","0.18","0.00","0.18","0.01","0.18","0.01","0.18","0.23"
"353","Darlow","GK","NEW","4","0.00","0.02","0.00","0.02","0.00","0.02","0.00","0.02","0.00","0.02","0.03"
"0","Gillespie","GK","NEW","3","0.00","0.02","0.00","0.02","0.00","0.02","0.00","0.02","0.00","0.02","0.03"
"0","Cox","GK","BRE","3","0.00","0.02","0.00","0.02","0.00","0.02","0.00","0.02","0.00","0.02","0.02"
"424","Caballero","GK","SOU","4","0.00","0.02","0.00","0.02","0.00","0.02","0.00","0.02","0.00","0.02","0.02"
"557","Jackson Smith","GK","WOL","4","0.00","0.05","0.00","0.05","0.00","0.05","0.00","0.05","0.00","0.05","0.14"
"0","Smithies","GK","LEI","3","0.00","0.05","0.00","0.05","0.00","0.05","0.00","0.05","0.00","0.05","0.13"
"309","Laporte","DEF","MCI","6","0.00","0.00","0.00","0.00","0.44","7.89","1.70","28.74","2.39","49.21","98.42"
"92","Pinnock","DEF","BRE","4.5","0.00","0.00","0.62","16.84","1.73","39.50","2.20","58.79","3.15","74.74","102.23"
"0","S Gomez","DEF","MCI","3","0.00","0.00","0.12","2.37","0.96","17.05","2.50","43.50","2.02","43.50","72.85"
"82","Canos","DEF","BRE","5","0.00","0.00","1.25","22.11","2.75","45.17","2.27","45.17","2.72","45.17","80.83"
"385","McKenna","DEF","NFO","4.5","0.00","0.00","1.65","51.50","2.10","82.14","1.04","82.14","3.37","82.14","86.03"
"456","Ogbonna","DEF","WHU","4.5","0.00","0.00","0.27","6.32","0.78","22.74","1.15","36.93","0.99","36.93","45.23"
"239","Firpo","DEF","LEE","4.5","0.00","0.00","0.00","0.00","0.18","4.21","0.67","14.21","1.08","30.32","43.92"
"379","S Cook","DEF","NFO","4.5","0.00","0.00","0.25","7.37","0.84","32.00","0.68","49.21","2.04","49.21","51.56"
"84","Ajer","DEF","BRE","4.5","0.00","0.00","0.00","0.00","0.00","0.00","0.00","0.00","0.15","3.68","65.43"
"290","Konate","DEF","LIV","5","0.00","0.00","0.00","0.00","0.00","0.00","0.08","1.58","0.16","3.68","38.51"
"226","Dallas","DEF","LEE","5","0.00","0.00","0.00","0.00","0.00","0.00","0.00","0.00","0.09","1.58","45.13"
"59","Fredericks","DEF","BOU","4.5","0.00","0.00","0.00","0.00","0.00","0.00","0.21","3.68","0.50","10.53","36.03"
"188","Mina","DEF","EVE","4.5","0.00","0.00","0.00","0.00","0.00","0.00","0.05","1.05","0.08","2.37","30.55"
"153","Tomkins","DEF","CRY","4","0.00","0.00","0.00","0.00","0.00","0.00","0.00","0.00","0.00","0.00","0.00"
"250","Bertrand","DEF","LEI","4","0.00","0.00","0.00","0.00","0.00","0.00","0.00","0.00","0.00","0.00","0.00"
"256","R Pereira","DEF","LEI","4.5","0.00","0.00","0.00","0.00","0.00","0.00","0.00","0.00","0.00","0.00","0.00"
"419","Livramento","DEF","SOU","4.5","0.00","0.00","0.00","0.00","0.00","0.00","0.00","0.00","0.00","0.00","0.00"
"38","Hause","DEF","AVL","4.5","0.00","0.00","0.00","0.00","0.00","0.00","0.00","0.00","0.00","0.00","0.00"
"511","O Richards","DEF","NFO","4.5","0.00","0.00","0.00","0.00","0.00","0.00","0.00","0.00","0.00","0.00","0.00"
"193","Godfrey","DEF","EVE","4.5","0.00","0.00","0.00","0.00","0.00","0.00","0.00","0.00","0.00","0.00","0.00"
"472","Aguerd","DEF","WHU","5","0.00","0.00","0.00","0.00","0.00","0.00","0.00","0.00","0.00","0.00","0.00"
"0","Kostic","DEF","WHU","3","0.00","0.05","0.00","0.05","0.00","0.05","0.00","0.05","0.00","0.05","0.17"
"573","R Lewis","DEF","MCI","4","0.00","0.05","0.00","0.05","0.00","0.05","0.00","0.05","0.00","0.05","0.16"
"563","L Chambers","DEF","LIV","4","0.00","0.05","0.00","0.05","0.00","0.05","0.00","0.05","0.00","0.05","0.16"
"320","Mbete","DEF","MCI","4","0.00","0.05","0.00","0.05","0.00","0.05","0.00","0.05","0.00","0.05","0.15"
"500","van den Berg","DEF","LIV","4","0.00","0.05","0.00","0.05","0.00","0.05","0.00","0.05","0.00","0.05","0.15"
"543","Clarke","DEF","BHA","4","0.00","0.05","0.00","0.05","0.00","0.05","0.00","0.05","0.00","0.05","0.14"
"0","Hayden","DEF","AVL","3","0.00","0.05","0.00","0.05","0.00","0.05","0.00","0.05","0.00","0.05","0.14"
"0","Feeney","DEF","AVL","3","0.00","0.05","0.00","0.05","0.00","0.05","0.00","0.05","0.00","0.05","0.14"
"544","van Hecke","DEF","BHA","4","0.00","0.05","0.00","0.05","0.00","0.05","0.00","0.05","0.00","0.05","0.14"
"555","Ashby","DEF","WHU","4","0.00","0.05","0.00","0.05","0.00","0.05","0.00","0.05","0.00","0.05","0.14"
"222","Ayling","DEF","LEE","4.5","0.00","0.00","0.00","0.00","0.04","0.92","0.11","2.11","0.24","5.92","13.04"
"0","Ekwah","DEF","WHU","3","0.00","0.05","0.00","0.05","0.00","0.05","0.00","0.05","0.00","0.05","0.14"
"386","Drager","DEF","NFO","4","0.00","0.05","0.00","0.05","0.00","0.05","0.00","0.05","0.00","0.05","0.14"
"0","S Hughes","DEF","LEI","3","0.00","0.05","0.00","0.05","0.00","0.05","0.00","0.05","0.00","0.05","0.14"
"0","Offiah","DEF","BHA","3","0.00","0.05","0.00","0.05","0.00","0.05","0.00","0.05","0.00","0.05","0.13"
"0","Bogarde","DEF","AVL","3","0.00","0.05","0.00","0.05","0.00","0.05","0.00","0.05","0.00","0.05","0.13"
"0","Welch","DEF","EVE","3","0.00","0.05","0.00","0.05","0.00","0.05","0.00","0.05","0.00","0.05","0.13"
"0","Adaramola","DEF","CRY","3","0.00","0.05","0.00","0.05","0.00","0.05","0.00","0.05","0.00","0.05","0.13"
"273","Brunt","DEF","LEI","4","0.00","0.05","0.00","0.05","0.00","0.05","0.00","0.05","0.00","0.05","0.13"
"0","Kris Moore","DEF","LEE","3","0.00","0.05","0.00","0.05","0.00","0.05","0.00","0.05","0.00","0.05","0.12"
"174","N Ferguson","DEF","CRY","4","0.00","0.00","0.09","1.58","0.18","5.53","0.65","13.26","0.71","18.42","25.24"
"413","Lyanco","DEF","SOU","4.5","0.00","0.00","0.28","6.32","0.54","12.89","0.54","12.89","0.59","12.89","19.98"
"264","Barnes","MID","LEI","7","0.00","0.00","0.00","0.00","0.34","6.32","1.18","18.95","2.28","42.07","116.30"
"503","Moutinho","MID","WOL","5","0.00","0.00","0.61","17.68","1.76","48.50","2.91","78.65","3.14","78.65","93.79"
"212","H Wilson","MID","FUL","6","0.00","0.00","0.00","0.00","0.22","4.21","0.56","10.11","0.90","20.63","104.38"
"387","Yates","MID","NFO","5","0.00","0.00","0.20","4.21","0.42","10.11","0.67","19.89","1.54","33.16","79.59"
"132","Kovacic","MID","CHE","5","0.00","0.00","0.21","3.68","0.72","14.21","1.53","32.84","2.12","46.17","78.64"
"154","McArthur","MID","CRY","5","0.00","0.00","0.00","0.00","0.24","6.32","0.77","17.68","1.08","29.84","71.62"
"277","Thiago","MID","LIV","5.4","0.00","0.00","0.00","0.00","0.00","0.00","0.00","0.00","0.19","3.68","66.22"
"60","Brooks","MID","BOU","5.5","0.00","0.00","0.17","2.63","0.40","7.89","0.85","14.74","1.33","25.26","60.46"
"117","Moder","MID","BHA","4.5","0.00","0.00","0.00","0.00","0.00","0.00","0.00","0.00","0.00","0.00","0.00"
"349","Shelvey","MID","NEW","5","0.00","0.00","0.00","0.00","0.00","0.00","0.00","0.00","0.00","0.00","0.00"
"490","Chiquinho","MID","WOL","5","0.00","0.00","0.00","0.00","0.00","0.00","0.00","0.00","0.00","0.00","0.00"
"278","Chamberlain","MID","LIV","5","0.00","0.00","0.00","0.00","0.00","0.00","0.00","0.00","0.00","0.00","0.00"
"179","Townsend","MID","EVE","5.5","0.00","0.00","0.00","0.00","0.00","0.00","0.00","0.00","0.00","0.00","0.00"
"316","Palmer","MID","MCI","4.5","0.00","0.00","0.00","0.05","0.00","0.05","0.00","0.05","0.00","0.05","0.16"
"0","Oulad","MID","ARS","3","0.00","0.07","0.00","0.07","0.00","0.07","0.00","0.07","0.00","0.07","0.15"
"0","Jordao","MID","WOL","3","0.00","0.05","0.00","0.05","0.00","0.05","0.00","0.05","0.00","0.05","0.15"
"546","Harris","MID","FUL","4.5","0.00","0.05","0.00","0.05","0.00","0.05","0.00","0.05","0.00","0.05","0.15"
"0","Peart-Harris","MID","BRE","3","0.00","0.05","0.00","0.05","0.00","0.05","0.00","0.05","0.00","0.05","0.15"
"0","O'Reilly","MID","AVL","3","0.00","0.05","0.00","0.05","0.00","0.05","0.00","0.05","0.00","0.05","0.15"
"552","Anderson","MID","NEW","4.5","0.00","0.05","0.00","0.05","0.00","0.05","0.00","0.05","0.00","0.05","0.15"
"0","Chong","MID","MUN","3","0.00","0.05","0.00","0.05","0.00","0.05","0.00","0.05","0.00","0.05","0.14"
"570","Garner","MID","MUN","4.5","0.00","0.05","0.00","0.05","0.00","0.05","0.00","0.05","0.00","0.05","0.14"
"452","Devine","MID","TOT","4.5","0.00","0.05","0.00","0.05","0.00","0.05","0.00","0.05","0.00","0.05","0.14"
"569","Garnacho","MID","MUN","4.5","0.00","0.05","0.00","0.05","0.00","0.05","0.00","0.05","0.00","0.05","0.14"
"347","Pellistri","MID","MUN","4.5","0.00","0.05","0.00","0.05","0.00","0.05","0.00","0.05","0.00","0.05","0.14"
"449","H White","MID","TOT","4.5","0.00","0.05","0.00","0.05","0.00","0.05","0.00","0.05","0.00","0.05","0.14"
"0","M Longstaff","MID","NEW","3","0.00","0.05","0.00","0.05","0.00","0.05","0.00","0.05","0.00","0.05","0.14"
"567","Ronan","MID","WOL","4.5","0.00","0.05","0.00","0.05","0.00","0.05","0.00","0.05","0.00","0.05","0.14"
"566","Hodge","MID","WOL","4.5","0.00","0.05","0.00","0.05","0.00","0.05","0.00","0.05","0.00","0.05","0.14"
"560","Mills","MID","EVE","4.5","0.00","0.05","0.00","0.05","0.00","0.05","0.00","0.05","0.00","0.05","0.14"
"553","Hammond","MID","NFO","4.5","0.00","0.05","0.00","0.05","0.00","0.05","0.00","0.05","0.00","0.05","0.13"
"572","Oko-Flex","MID","WHU","4.5","0.00","0.05","0.00","0.05","0.00","0.05","0.00","0.05","0.00","0.05","0.14"
"551","Iqbal","MID","MUN","4.5","0.00","0.05","0.00","0.05","0.00","0.05","0.00","0.05","0.00","0.05","0.13"
"564","Bajcetic","MID","LIV","4.5","0.00","0.05","0.00","0.05","0.00","0.05","0.00","0.05","0.00","0.05","0.13"
"0","Mejbri","MID","MUN","3","0.00","0.05","0.00","0.05","0.00","0.05","0.00","0.05","0.00","0.05","0.13"
"0","Chrisene","MID","AVL","3","0.00","0.05","0.00","0.05","0.00","0.05","0.00","0.05","0.00","0.05","0.13"
"0","Chesters","MID","WHU","3","0.00","0.05","0.00","0.05","0.00","0.05","0.00","0.05","0.00","0.05","0.13"
"509","Downes","MID","WHU","4.5","0.00","0.05","0.00","0.05","0.00","0.05","0.00","0.05","0.00","0.05","0.13"
"561","Warrington","MID","EVE","4.5","0.00","0.05","0.00","0.05","0.00","0.05","0.00","0.05","0.00","0.05","0.13"
"556","Coventry","MID","WHU","4.5","0.00","0.05","0.00","0.05","0.00","0.05","0.00","0.05","0.00","0.05","0.13"
"0","Price","MID","EVE","3","0.00","0.05","0.00","0.05","0.00","0.05","0.00","0.05","0.00","0.05","0.12"
"505","Rothwell","MID","BOU","5","0.00","0.00","0.00","0.00","0.00","0.00","0.00","0.00","0.00","0.00","9.81"
"562","Solomon","MID","FUL","5","0.00","0.00","0.00","0.00","0.00","0.00","0.00","0.00","0.16","2.63","36.41"
"291","C Jones","MID","LIV","5","0.00","0.00","0.08","1.32","0.19","2.63","0.27","4.42","0.34","5.26","11.72"
"441","Skipp","MID","TOT","4.5","0.00","0.00","0.07","1.05","0.23","3.95","0.22","3.95","0.24","3.95","7.96"
"0","Freuler","MID","NFO","3","0.00","0.00","0.59","11.05","1.08","25.26","0.96","25.26","1.26","25.26","39.73"
"491","A Traore","MID","WOL","5.5","0.00","0.00","0.00","0.00","0.15","1.58","0.42","4.74","0.83","9.47","33.06"
"0","Rabiot","MID","MUN","3","0.00","0.00","0.70","14.21","1.10","22.11","1.06","22.11","1.05","22.11","38.30"
"345","Martial","FWD","MUN","6.9","0.00","0.00","0.45","8.42","1.57","25.26","2.31","40.64","2.93","54.93","105.56"
"191","Calvert-Lewin","FWD","EVE","8","0.00","0.00","0.00","0.00","0.00","0.00","0.32","4.74","0.54","11.37","124.33"
"0","E Dennis","FWD","NFO","3","0.00","0.00","0.33","5.53","1.22","24.87","1.40","38.21","2.24","38.21","64.07"
"476","Jimenez","FWD","WOL","7","0.00","0.00","0.00","0.00","0.24","4.21","0.58","9.47","1.24","19.16","100.97"
"288","Jota","FWD","LIV","9","0.00","0.00","0.00","0.00","0.38","3.95","0.56","7.37","0.96","12.63","78.28"
"323","Delap","FWD","MCI","4.5","0.00","0.03","0.00","0.03","0.00","0.03","0.00","0.03","0.00","0.03","0.07"
"0","Dobbin","FWD","EVE","3","0.00","0.05","0.00","0.05","0.00","0.05","0.00","0.05","0.00","0.05","0.15"
"528","Mara","FWD","SOU","5.5","0.00","0.05","0.00","0.05","0.00","0.05","0.00","0.05","0.00","0.05","0.15"
"550","A Diallo","FWD","MUN","4.5","0.00","0.05","0.00","0.05","0.00","0.05","0.00","0.05","0.00","0.05","0.15"
"0","Andone","FWD","BHA","3","0.00","0.05","0.00","0.05","0.00","0.05","0.00","0.05","0.00","0.05","0.14"
"0","Valencia","FWD","BRE","3","0.00","0.05","0.00","0.05","0.00","0.05","0.00","0.05","0.00","0.05","0.14"
"219","Stansfield","FWD","FUL","4.5","0.00","0.05","0.00","0.05","0.00","0.05","0.00","0.05","0.00","0.05","0.14"
"0","E Ferguson","FWD","BHA","3","0.00","0.05","0.00","0.05","0.00","0.05","0.00","0.05","0.00","0.05","0.13"
"447","Scarlett","FWD","TOT","4.5","0.00","0.05","0.00","0.05","0.00","0.05","0.00","0.05","0.00","0.05","0.13"